FIPS,Combined_Key,02/03/20,02/04/20,02/05/20,02/06/20,02/07/20,02/08/20,02/09/20,02/10/20,02/11/20,02/12/20,02/13/20,02/14/20,02/15/20,02/16/20,02/17/20,02/18/20,02/19/20,02/20/20,02/21/20,02/22/20,02/23/20,02/24/20,02/25/20,02/26/20,02/27/20,02/28/20,02/29/20,03/01/20,03/02/20,03/03/20,03/04/20,03/05/20,03/06/20,03/07/20,03/08/20,03/09/20,03/10/20,03/11/20,03/12/20,03/13/20,03/14/20,03/15/20,03/16/20,03/17/20,03/18/20,03/19/20,03/20/20,03/21/20,03/22/20,03/23/20,03/24/20,03/25/20,03/26/20,03/27/20,03/28/20,03/29/20,03/30/20,03/31/20,04/01/20,04/02/20,04/03/20,04/04/20,04/05/20,04/06/20,04/07/20
1000,AL,NA,NA,NA,NA,NA,NA,NA,NA,NA,NA,NA,NA,NA,NA,NA,NA,NA,NA,NA,NA,NA,NA,NA,NA,NA,2.236696434677062,2.236696434677062,2.236696434677062,2.236696434677062,2.236696434677062,2.236696434677062,2.236696434677062,2.236696434677062,2.236696434677062,2.236696434677062,2.236696434677062,2.236696434677062,2.236696434677062,2.236696434677062,2.1787378058523825,2.1787378058523825,2.1787378058523825,2.0923065438933177,2.0923065438933177,2.0923065438933177,2.024108418165653,1.956394015974567,1.956394015974567,1.956394015974567,1.956394015974567,1.956394015974567,1.956394015974567,1.7302754072362012,1.7302754072362012,1.7302754072362012,1.7302754072362012,1.7302754072362012,1.7302754072362012,1.7302754072362012,1.7302754072362012,1.7302754072362012,1.7302754072362012,1.7302754072362012,1.7302754072362012,1.7302754072362012
2000,AK,NA,NA,NA,NA,NA,NA,NA,NA,NA,NA,NA,NA,NA,NA,NA,NA,NA,NA,NA,NA,NA,NA,NA,NA,NA,NA,NA,NA,NA,NA,NA,NA,NA,NA,NA,NA,NA,NA,NA,NA,NA,NA,NA,NA,NA,NA,NA,NA,NA,NA,NA,NA,NA,NA,NA,NA,NA,NA,NA,NA,NA,NA,NA,NA,NA
4000,AZ,NA,NA,NA,NA,NA,NA,NA,NA,NA,NA,NA,NA,NA,NA,NA,NA,NA,NA,NA,NA,NA,NA,NA,2.315552073371588,2.315552073371588,2.315552073371588,2.315552073371588,2.315552073371588,2.315552073371588,2.315552073371588,2.315552073371588,2.315552073371588,2.315552073371588,2.315552073371588,2.315552073371588,2.315552073371588,2.315552073371588,2.315552073371588,2.315552073371588,2.315552073371588,2.315552073371588,2.315552073371588,2.2229079495716006,2.2229079495716006,2.2229079495716006,2.2229079495716006,2.148211516009173,2.148211516009173,2.148211516009173,2.148211516009173,2.148211516009173,2.148211516009173,2.148211516009173,2.148211516009173,2.148211516009173,2.148211516009173,2.148211516009173,1.802202096501828,1.802202096501828,1.802202096501828,1.802202096501828,1.802202096501828,1.802202096501828,1.802202096501828,1.802202096501828
5000,AR,NA,NA,NA,NA,NA,NA,NA,NA,NA,NA,NA,NA,NA,NA,NA,NA,NA,NA,NA,NA,NA,NA,NA,NA,NA,NA,NA,NA,NA,NA,NA,NA,NA,NA,NA,NA,NA,NA,NA,NA,NA,NA,NA,NA,NA,NA,NA,NA,NA,NA,NA,NA,NA,NA,NA,NA,NA,NA,NA,NA,NA,NA,NA,NA,NA
6000,CA,NA,NA,NA,NA,NA,NA,NA,NA,NA,NA,NA,NA,NA,2.500364767780635,2.500364767780635,2.500364767780635,2.500364767780635,2.500364767780635,2.500364767780635,2.500364767780635,2.500364767780635,2.500364767780635,2.500364767780635,2.500364767780635,2.500364767780635,2.500364767780635,2.500364767780635,2.500364767780635,2.500364767780635,2.500364767780635,2.500364767780635,2.500364767780635,2.500364767780635,2.500364767780635,2.500364767780635,2.500364767780635,2.500364767780635,2.500364767780635,2.500364767780635,2.500364767780635,2.500364767780635,2.314798879799461,2.314798879799461,2.314798879799461,2.314798879799461,1.85192035554683,1.85192035554683,1.85192035554683,1.85192035554683,1.85192035554683,1.85192035554683,1.85192035554683,1.85192035554683,1.85192035554683,1.85192035554683,1.85192035554683,1.85192035554683,1.85192035554683,1.85192035554683,1.85192035554683,1.85192035554683,1.85192035554683,1.85192035554683,1.85192035554683,1.85192035554683
8000,CO,NA,NA,NA,NA,NA,NA,NA,NA,NA,NA,NA,NA,NA,NA,NA,NA,NA,NA,NA,NA,NA,2.5166949698278867,2.5166949698278867,2.5166949698278867,2.5166949698278867,2.5166949698278867,2.5166949698278867,2.5166949698278867,2.5166949698278867,2.5166949698278867,2.5166949698278867,2.5166949698278867,2.5166949698278867,2.5166949698278867,2.5166949698278867,2.5166949698278867,2.5166949698278867,2.5166949698278867,2.5166949698278867,2.450241914420244,2.450241914420244,2.450241914420244,2.450241914420244,2.347586761346513,2.347586761346513,2.347586761346513,2.2687031766716803,2.2687031766716803,2.2687031766716803,2.1789188301098767,2.1055763355690718,2.1055763355690718,1.8684171551460136,1.8684171551460136,1.8684171551460136,1.8684171551460136,1.8684171551460136,1.8684171551460136,1.8684171551460136,1.8684171551460136,1.8684171551460136,1.8684171551460136,1.8684171551460136,1.8684171551460136,1.8684171551460136
9000,CT,NA,NA,NA,NA,NA,NA,NA,NA,NA,NA,NA,NA,NA,NA,NA,NA,NA,NA,NA,2.8267771819056957,2.8267771819056957,2.8267771819056957,2.8267771819056957,2.8267771819056957,2.8267771819056957,2.8267771819056957,2.8267771819056957,2.8267771819056957,2.8267771819056957,2.8267771819056957,2.8267771819056957,2.8267771819056957,2.8267771819056957,2.8267771819056957,2.8267771819056957,2.8267771819056957,2.8267771819056957,2.8267771819056957,2.8267771819056957,2.8267771819056957,2.8267771819056957,2.8267771819056957,2.6168019138010354,2.507655246835119,2.507655246835119,2.507655246835119,2.507655246835119,2.507655246835119,2.507655246835119,2.092165037410416,2.092165037410416,2.092165037410416,2.092165037410416,2.092165037410416,2.092165037410416,2.092165037410416,2.092165037410416,2.092165037410416,2.092165037410416,2.092165037410416,2.092165037410416,2.092165037410416,2.092165037410416,2.092165037410416,2.092165037410416
10000,DE,NA,NA,NA,NA,NA,NA,NA,NA,NA,NA,NA,NA,NA,NA,NA,NA,NA,NA,NA,NA,NA,NA,NA,NA,NA,NA,NA,NA,2.259119305346521,2.259119305346521,2.259119305346521,2.259119305346521,2.259119305346521,2.259119305346521,2.259119305346521,2.259119305346521,2.259119305346521,2.259119305346521,2.093407025892883,2.093407025892883,2.093407025892883,2.093407025892883,2.004781977283823,2.004781977283823,2.004781977283823,2.004781977283823,2.004781977283823,2.004781977283823,2.004781977283823,2.004781977283823,1.6692340757369926,1.6692340757369926,1.6692340757369926,1.6692340757369926,1.6692340757369926,1.6692340757369926,1.6692340757369926,1.6692340757369926,1.6692340757369926,1.6692340757369926,1.6692340757369926,1.6692340757369926,1.6692340757369926,1.6692340757369926,1.6692340757369926
11000,DC,NA,NA,NA,NA,NA,NA,NA,NA,NA,NA,NA,NA,NA,NA,NA,NA,NA,NA,NA,NA,NA,NA,NA,NA,NA,NA,NA,NA,NA,2.440230186553381,2.440230186553381,2.440230186553381,2.440230186553381,2.440230186553381,2.440230186553381,2.440230186553381,2.440230186553381,2.440230186553381,2.440230186553381,2.440230186553381,2.440230186553381,2.440230186553381,2.1689895420542062,2.1689895420542062,2.1689895420542062,2.1689895420542062,2.1689895420542062,2.1689895420542062,2.1689895420542062,2.1689895420542062,2.1689895420542062,2.043119041823096,2.043119041823096,2.043119041823096,2.043119041823096,2.043119041823096,2.043119041823096,2.043119041823096,1.8150380392764327,1.8150380392764327,1.8150380392764327,1.8150380392764327,1.8150380392764327,1.8150380392764327,1.8150380392764327
12000,FL,NA,NA,NA,NA,NA,NA,NA,NA,NA,NA,NA,NA,NA,NA,NA,NA,NA,2.716354548111763,2.716354548111763,2.716354548111763,2.716354548111763,2.716354548111763,2.716354548111763,2.716354548111763,2.716354548111763,2.716354548111763,2.716354548111763,2.716354548111763,2.716354548111763,2.716354548111763,2.716354548111763,2.716354548111763,2.716354548111763,2.716354548111763,2.716354548111763,2.716354548111763,2.716354548111763,2.716354548111763,2.716354548111763,2.716354548111763,2.716354548111763,2.716354548111763,2.6061839776117104,2.4537234386807043,2.4537234386807043,2.4537234386807043,2.2702787623869645,2.2702787623869645,2.2702787623869645,2.2702787623869645,2.2702787623869645,2.2702787623869645,2.2702787623869645,2.2702787623869645,2.2702787623869645,2.2702787623869645,2.010933664836994,2.010933664836994,2.010933664836994,2.010933664836994,2.010933664836994,2.010933664836994,2.010933664836994,2.010933664836994,2.010933664836994
13000,GA,NA,NA,NA,NA,NA,NA,NA,NA,NA,NA,NA,NA,NA,NA,NA,NA,2.506824757673655,2.506824757673655,2.506824757673655,2.506824757673655,2.506824757673655,2.506824757673655,2.506824757673655,2.506824757673655,2.506824757673655,2.506824757673655,2.506824757673655,2.506824757673655,2.506824757673655,2.506824757673655,2.506824757673655,2.506824757673655,2.506824757673655,2.506824757673655,2.506824757673655,2.506824757673655,2.506824757673655,2.506824757673655,2.506824757673655,2.506824757673655,2.506824757673655,2.506824757673655,2.506824757673655,2.3608054732587433,2.265410487853308,2.265410487853308,2.0989981119927608,2.0989981119927608,2.0989981119927608,2.0989981119927608,1.8617138236670865,1.8617138236670865,1.8617138236670865,1.8617138236670865,1.8617138236670865,1.8617138236670865,1.8617138236670865,1.8617138236670865,1.8617138236670865,1.8617138236670865,1.8617138236670865,1.8617138236670865,1.8617138236670865,1.8617138236670865,1.8617138236670865
15000,HI,NA,NA,NA,NA,NA,NA,NA,NA,NA,NA,NA,NA,NA,NA,NA,NA,NA,NA,NA,NA,NA,NA,NA,NA,NA,NA,NA,NA,NA,NA,NA,NA,NA,NA,NA,NA,NA,NA,NA,NA,NA,NA,NA,NA,NA,NA,NA,NA,NA,NA,NA,NA,NA,NA,NA,NA,NA,NA,NA,NA,NA,NA,NA,NA,NA
16000,ID,NA,NA,NA,NA,NA,NA,NA,NA,NA,NA,NA,NA,NA,NA,NA,NA,NA,NA,NA,NA,NA,NA,NA,NA,NA,NA,NA,NA,NA,NA,NA,NA,NA,NA,NA,NA,NA,NA,NA,NA,NA,NA,NA,NA,NA,NA,NA,NA,NA,NA,NA,NA,NA,NA,NA,NA,NA,NA,NA,NA,NA,NA,NA,NA,NA
17000,IL,NA,NA,NA,NA,NA,NA,NA,NA,NA,NA,NA,NA,NA,NA,NA,NA,NA,NA,NA,2.871235896438715,2.871235896438715,2.871235896438715,2.871235896438715,2.871235896438715,2.871235896438715,2.871235896438715,2.871235896438715,2.871235896438715,2.871235896438715,2.871235896438715,2.871235896438715,2.871235896438715,2.871235896438715,2.871235896438715,2.871235896438715,2.871235896438715,2.871235896438715,2.871235896438715,2.871235896438715,2.871235896438715,2.871235896438715,2.871235896438715,2.871235896438715,2.7560759527565954,2.4039932642034283,2.4039932642034283,2.4039932642034283,2.125716383480152,2.125716383480152,2.125716383480152,2.125716383480152,2.125716383480152,2.125716383480152,2.125716383480152,2.125716383480152,2.125716383480152,2.125716383480152,2.125716383480152,2.125716383480152,2.125716383480152,2.125716383480152,2.125716383480152,2.125716383480152,2.125716383480152,2.125716383480152
18000,IN,NA,NA,NA,NA,NA,NA,NA,NA,NA,NA,NA,NA,NA,NA,NA,NA,NA,NA,NA,NA,2.4482294026336153,2.4482294026336153,2.4482294026336153,2.4482294026336153,2.4482294026336153,2.4482294026336153,2.4482294026336153,2.4482294026336153,2.4482294026336153,2.4482294026336153,2.4482294026336153,2.4482294026336153,2.4482294026336153,2.4482294026336153,2.4482294026336153,2.4482294026336153,2.4482294026336153,2.4482294026336153,2.4482294026336153,2.3879958524510827,2.3879958524510827,2.3879958524510827,2.3879958524510827,2.20998446561024,2.20998446561024,2.1223210207864485,2.1223210207864485,2.1223210207864485,2.1223210207864485,2.1223210207864485,1.8162922634544032,1.8162922634544032,1.8162922634544032,1.8162922634544032,1.8162922634544032,1.8162922634544032,1.8162922634544032,1.8162922634544032,1.8162922634544032,1.8162922634544032,1.8162922634544032,1.8162922634544032,1.8162922634544032,1.8162922634544032,1.8162922634544032
19000,IA,NA,NA,NA,NA,NA,NA,NA,NA,NA,NA,NA,NA,NA,NA,NA,NA,NA,NA,NA,NA,NA,NA,NA,NA,NA,NA,NA,NA,NA,NA,NA,NA,NA,NA,NA,NA,NA,NA,NA,NA,NA,NA,NA,NA,NA,NA,NA,NA,NA,NA,NA,NA,NA,NA,NA,NA,NA,NA,NA,NA,NA,NA,NA,NA,NA
20000,KS,NA,NA,NA,NA,NA,NA,NA,NA,NA,NA,NA,NA,NA,NA,NA,NA,NA,NA,NA,NA,NA,NA,NA,NA,NA,NA,NA,NA,2.175390746161426,2.175390746161426,2.175390746161426,2.175390746161426,2.175390746161426,2.175390746161426,2.175390746161426,2.175390746161426,2.175390746161426,2.175390746161426,2.175390746161426,2.175390746161426,2.175390746161426,2.175390746161426,2.175390746161426,2.175390746161426,2.0904737950106282,2.0904737950106282,2.0904737950106282,2.0904737950106282,2.0904737950106282,2.0904737950106282,1.9367721868804448,1.9367721868804448,1.9367721868804448,1.9367721868804448,1.9367721868804448,1.9367721868804448,1.6190670590522591,1.6190670590522591,1.6190670590522591,1.6190670590522591,1.6190670590522591,1.6190670590522591,1.6190670590522591,1.6190670590522591,1.6190670590522591
21000,KY,NA,NA,NA,NA,NA,NA,NA,NA,NA,NA,NA,NA,NA,NA,NA,NA,NA,NA,NA,NA,NA,NA,NA,NA,NA,NA,NA,NA,NA,NA,NA,NA,NA,NA,NA,NA,NA,NA,NA,NA,NA,NA,NA,NA,NA,NA,NA,NA,NA,NA,NA,NA,NA,NA,NA,NA,NA,NA,NA,NA,NA,NA,NA,NA,NA
22000,LA,NA,NA,NA,NA,NA,NA,NA,NA,NA,NA,NA,NA,NA,NA,NA,2.73658356861346,2.73658356861346,2.73658356861346,2.73658356861346,2.73658356861346,2.73658356861346,2.73658356861346,2.73658356861346,2.73658356861346,2.73658356861346,2.73658356861346,2.73658356861346,2.73658356861346,2.73658356861346,2.73658356861346,2.73658356861346,2.73658356861346,2.73658356861346,2.73658356861346,2.73658356861346,2.73658356861346,2.73658356861346,2.73658356861346,2.73658356861346,2.73658356861346,2.73658356861346,2.73658356861346,2.62643749991671,2.2882890951447616,2.2882890951447616,2.2882890951447616,2.2882890951447616,2.2882890951447616,2.2882890951447616,2.030403938872994,2.030403938872994,2.030403938872994,2.030403938872994,2.030403938872994,2.030403938872994,2.030403938872994,2.030403938872994,2.030403938872994,2.030403938872994,2.030403938872994,2.030403938872994,2.030403938872994,2.030403938872994,2.030403938872994,2.030403938872994
23000,ME,NA,NA,NA,NA,NA,NA,NA,NA,NA,NA,NA,NA,NA,NA,NA,NA,NA,NA,NA,NA,NA,NA,NA,NA,NA,NA,NA,NA,NA,NA,NA,NA,NA,NA,NA,NA,NA,NA,NA,NA,NA,NA,NA,NA,NA,NA,NA,NA,NA,NA,NA,NA,NA,NA,NA,NA,NA,NA,NA,NA,NA,NA,NA,NA,NA
24000,MD,NA,NA,NA,NA,NA,NA,NA,NA,NA,NA,NA,NA,NA,NA,NA,NA,NA,NA,NA,NA,NA,NA,NA,NA,NA,NA,2.869516045807852,2.869516045807852,2.869516045807852,2.869516045807852,2.869516045807852,2.869516045807852,2.869516045807852,2.869516045807852,2.869516045807852,2.869516045807852,2.869516045807852,2.869516045807852,2.869516045807852,2.7966170884961525,2.7966170884961525,2.7966170884961525,2.4057220433276574,2.4057220433276574,2.4057220433276574,2.4057220433276574,2.4057220433276574,2.4057220433276574,2.4057220433276574,2.4057220433276574,2.4057220433276574,2.4057220433276574,2.4057220433276574,2.4057220433276574,2.4057220433276574,2.4057220433276574,2.1323109070343818,2.1323109070343818,2.1323109070343818,2.1323109070343818,2.1323109070343818,2.1323109070343818,2.1323109070343818,2.1323109070343818,2.1323109070343818
25000,MA,NA,NA,NA,NA,NA,NA,NA,NA,NA,NA,NA,NA,NA,NA,NA,NA,NA,NA,NA,NA,NA,NA,2.7545981228134315,2.7545981228134315,2.7545981228134315,2.7545981228134315,2.7545981228134315,2.7545981228134315,2.7545981228134315,2.7545981228134315,2.7545981228134315,2.7545981228134315,2.7545981228134315,2.7545981228134315,2.7545981228134315,2.7545981228134315,2.7545981228134315,2.7545981228134315,2.7545981228134315,2.7545981228134315,2.7545981228134315,2.7545981228134315,2.7545981228134315,2.303328671727593,2.303328671727593,2.303328671727593,2.303328671727593,2.303328671727593,2.303328671727593,2.303328671727593,2.0403733522108007,2.0403733522108007,2.0403733522108007,2.0403733522108007,2.0403733522108007,2.0403733522108007,2.0403733522108007,2.0403733522108007,2.0403733522108007,2.0403733522108007,2.0403733522108007,2.0403733522108007,2.0403733522108007,2.0403733522108007,2.0403733522108007
26000,MI,NA,NA,NA,NA,NA,NA,NA,NA,NA,NA,NA,NA,NA,NA,NA,NA,NA,NA,NA,3.0664992131008573,3.0664992131008573,3.0664992131008573,3.0664992131008573,3.0664992131008573,3.0664992131008573,3.0664992131008573,3.0664992131008573,3.0664992131008573,3.0664992131008573,3.0664992131008573,3.0664992131008573,3.0664992131008573,3.0664992131008573,3.0664992131008573,3.0664992131008573,3.0664992131008573,3.0664992131008573,3.0664992131008573,3.0664992131008573,3.0664992131008573,3.0664992131008573,3.0664992131008573,2.724684048907464,2.724684048907464,2.724684048907464,2.724684048907464,2.724684048907464,2.724684048907464,2.724684048907464,2.724684048907464,2.269295616802592,2.269295616802592,2.269295616802592,2.269295616802592,2.269295616802592,2.269295616802592,2.269295616802592,2.269295616802592,2.269295616802592,2.269295616802592,2.269295616802592,2.269295616802592,2.269295616802592,2.269295616802592,2.269295616802592
27000,MN,NA,NA,NA,NA,NA,NA,NA,NA,NA,NA,NA,NA,NA,NA,NA,NA,NA,NA,NA,NA,NA,NA,NA,NA,NA,NA,NA,NA,NA,NA,NA,NA,NA,NA,NA,NA,NA,NA,NA,NA,NA,NA,NA,NA,NA,NA,NA,NA,NA,NA,NA,NA,NA,NA,NA,NA,NA,NA,NA,NA,NA,NA,NA,NA,NA
28000,MS,NA,NA,NA,NA,NA,NA,NA,NA,NA,NA,NA,NA,NA,NA,NA,NA,NA,NA,NA,NA,NA,NA,NA,NA,2.402292491392015,2.402292491392015,2.402292491392015,2.402292491392015,2.402292491392015,2.402292491392015,2.402292491392015,2.402292491392015,2.402292491392015,2.402292491392015,2.402292491392015,2.402292491392015,2.402292491392015,2.402292491392015,2.402292491392015,2.402292491392015,2.402292491392015,2.402292491392015,2.402292491392015,2.402292491392015,2.402292491392015,2.402292491392015,2.3055798025445515,2.3055798025445515,2.3055798025445515,2.3055798025445515,2.3055798025445515,2.0111102107946754,2.0111102107946754,2.0111102107946754,2.0111102107946754,2.0111102107946754,2.0111102107946754,1.7852376957754197,1.7852376957754197,1.7852376957754197,1.7852376957754197,1.7852376957754197,1.7852376957754197,1.7852376957754197,1.7852376957754197
29000,MO,NA,NA,NA,NA,NA,NA,NA,NA,NA,NA,NA,NA,NA,NA,NA,NA,NA,NA,NA,NA,NA,NA,NA,NA,2.427876383432906,2.427876383432906,2.427876383432906,2.427876383432906,2.427876383432906,2.427876383432906,2.427876383432906,2.427876383432906,2.427876383432906,2.427876383432906,2.427876383432906,2.427876383432906,2.427876383432906,2.427876383432906,2.427876383432906,2.427876383432906,2.427876383432906,2.427876383432906,2.427876383432906,2.427876383432906,2.427876383432906,2.3321942167697576,2.3321942167697576,2.12310425307203,2.12310425307203,2.12310425307203,2.12310425307203,2.12310425307203,1.8769546692884305,1.8769546692884305,1.8769546692884305,1.8769546692884305,1.8769546692884305,1.8769546692884305,1.8769546692884305,1.8769546692884305,1.8769546692884305,1.8769546692884305,1.8769546692884305,1.8769546692884305,1.8769546692884305
30000,MT,NA,NA,NA,NA,NA,NA,NA,NA,NA,NA,NA,NA,NA,NA,NA,NA,NA,NA,NA,NA,NA,NA,NA,NA,NA,NA,NA,NA,NA,NA,NA,NA,NA,NA,NA,NA,NA,NA,NA,NA,NA,NA,NA,NA,NA,NA,NA,NA,NA,NA,NA,NA,NA,NA,NA,NA,NA,NA,NA,NA,NA,NA,NA,NA,NA
31000,NE,NA,NA,NA,NA,NA,NA,NA,NA,NA,NA,NA,NA,NA,NA,NA,NA,NA,NA,NA,NA,NA,NA,NA,NA,NA,NA,NA,NA,NA,NA,NA,NA,NA,NA,NA,NA,NA,NA,NA,NA,NA,NA,NA,NA,NA,NA,NA,NA,NA,NA,NA,NA,NA,NA,NA,NA,NA,NA,NA,NA,NA,NA,NA,NA,NA
32000,NV,NA,NA,NA,NA,NA,NA,NA,NA,NA,NA,NA,NA,NA,NA,NA,NA,NA,NA,NA,NA,NA,NA,NA,NA,NA,NA,NA,NA,NA,NA,NA,NA,NA,NA,NA,NA,NA,NA,NA,NA,NA,NA,NA,NA,NA,NA,NA,NA,NA,NA,NA,NA,NA,NA,NA,NA,NA,NA,NA,NA,NA,NA,NA,NA,NA
33000,NH,NA,NA,NA,NA,NA,NA,NA,NA,NA,NA,NA,NA,NA,NA,NA,NA,NA,NA,NA,NA,NA,NA,NA,NA,NA,NA,NA,NA,NA,NA,NA,NA,NA,NA,2.3304988001861413,2.3304988001861413,2.3304988001861413,2.3304988001861413,2.3304988001861413,2.3304988001861413,2.3304988001861413,2.3304988001861413,2.1626848542643318,2.1626848542643318,2.1626848542643318,2.1626848542643318,2.1626848542643318,2.1626848542643318,2.1626848542643318,2.1626848542643318,2.0382316987953946,2.0382316987953946,2.0382316987953946,1.7989723299794935,1.7989723299794935,1.7989723299794935,1.7989723299794935,1.7989723299794935,1.7989723299794935,1.7989723299794935,1.7989723299794935,1.7989723299794935,1.7989723299794935,1.7989723299794935,1.7989723299794935
34000,NJ,NA,NA,NA,NA,NA,NA,NA,NA,NA,NA,NA,NA,NA,NA,NA,NA,NA,3.7537106607601807,3.7537106607601807,3.7537106607601807,3.7537106607601807,3.7537106607601807,3.7537106607601807,3.7537106607601807,3.7537106607601807,3.7537106607601807,3.7537106607601807,3.7537106607601807,3.7537106607601807,3.7537106607601807,3.7537106607601807,3.7537106607601807,3.7537106607601807,3.7537106607601807,3.7537106607601807,3.7537106607601807,3.7537106607601807,3.7537106607601807,3.7537106607601807,3.7537106607601807,3.7537106607601807,3.7537106607601807,3.2723140677303992,3.2723140677303992,3.1388835868402447,3.1388835868402447,3.1388835868402447,2.7730080424319863,2.7730080424319863,2.7730080424319863,2.7730080424319863,2.7730080424319863,2.7730080424319863,2.7730080424319863,2.7730080424319863,2.7730080424319863,2.7730080424319863,2.7730080424319863,2.7730080424319863,2.7730080424319863,2.7730080424319863,2.7730080424319863,2.7730080424319863,2.7730080424319863,2.7730080424319863
35000,NM,NA,NA,NA,NA,NA,NA,NA,NA,NA,NA,NA,NA,NA,NA,NA,NA,NA,NA,NA,NA,NA,NA,NA,NA,NA,NA,NA,NA,NA,NA,NA,NA,NA,NA,NA,NA,NA,NA,NA,NA,NA,NA,NA,NA,NA,NA,NA,NA,NA,NA,NA,NA,NA,NA,NA,NA,NA,NA,NA,NA,NA,NA,NA,NA,NA
36000,NY,NA,NA,NA,NA,NA,NA,NA,NA,NA,NA,NA,NA,3.752442188036489,3.752442188036489,3.752442188036489,3.752442188036489,3.752442188036489,3.752442188036489,3.752442188036489,3.752442188036489,3.752442188036489,3.752442188036489,3.752442188036489,3.752442188036489,3.752442188036489,3.752442188036489,3.752442188036489,3.752442188036489,3.752442188036489,3.752442188036489,3.752442188036489,3.752442188036489,3.752442188036489,3.752442188036489,3.752442188036489,3.752442188036489,3.752442188036489,3.752442188036489,3.752442188036489,3.656426283890189,3.656426283890189,3.656426283890189,3.2723431883615963,3.2723431883615963,3.137764369012844,3.137764369012844,3.137764369012844,3.137764369012844,2.7746445294227144,2.7746445294227144,2.7746445294227144,2.7746445294227144,2.7746445294227144,2.7746445294227144,2.7746445294227144,2.7746445294227144,2.7746445294227144,2.7746445294227144,2.7746445294227144,2.7746445294227144,2.7746445294227144,2.7746445294227144,2.7746445294227144,2.7746445294227144,2.7746445294227144
37000,NC,NA,NA,NA,NA,NA,NA,NA,NA,NA,NA,NA,NA,NA,NA,NA,NA,NA,NA,NA,NA,NA,NA,NA,NA,NA,NA,NA,2.5060218675475814,2.5060218675475814,2.5060218675475814,2.5060218675475814,2.5060218675475814,2.5060218675475814,2.5060218675475814,2.5060218675475814,2.5060218675475814,2.5060218675475814,2.5060218675475814,2.44205440440131,2.44205440440131,2.44205440440131,2.44205440440131,2.3455856287031738,2.2664619875840257,2.2664619875840257,2.2664619875840257,2.2664619875840257,2.2664619875840257,2.2664619875840257,2.100958717829692,2.100958717829692,2.100958717829692,2.100958717829692,2.100958717829692,2.100958717829692,2.100958717829692,1.85564525294482,1.85564525294482,1.85564525294482,1.85564525294482,1.85564525294482,1.85564525294482,1.85564525294482,1.85564525294482,1.85564525294482
38000,ND,NA,NA,NA,NA,NA,NA,NA,NA,NA,NA,NA,NA,NA,NA,NA,NA,NA,NA,NA,NA,NA,NA,NA,NA,NA,NA,NA,NA,NA,NA,NA,NA,NA,NA,NA,NA,NA,NA,NA,NA,NA,NA,NA,NA,NA,NA,NA,NA,NA,NA,NA,NA,NA,NA,NA,NA,NA,NA,NA,NA,NA,NA,NA,NA,NA
39000,OH,NA,NA,NA,NA,NA,NA,NA,NA,NA,NA,NA,NA,NA,NA,NA,NA,NA,NA,NA,NA,NA,2.649527547157021,2.649527547157021,2.649527547157021,2.649527547157021,2.649527547157021,2.649527547157021,2.649527547157021,2.649527547157021,2.649527547157021,2.649527547157021,2.649527547157021,2.649527547157021,2.649527547157021,2.649527547157021,2.649527547157021,2.649527547157021,2.649527547157021,2.649527547157021,2.649527547157021,2.649527547157021,2.4109642518275,2.4109642518275,2.3146847602453198,2.3146847602453198,2.3146847602453198,2.3146847602453198,2.3146847602453198,2.2207941821115957,1.9575101812553577,1.9575101812553577,1.9575101812553577,1.9575101812553577,1.9575101812553577,1.9575101812553577,1.9575101812553577,1.9575101812553577,1.9575101812553577,1.9575101812553577,1.9575101812553577,1.9575101812553577,1.9575101812553577,1.9575101812553577,1.9575101812553577,1.9575101812553577
40000,OK,NA,NA,NA,NA,NA,NA,NA,NA,NA,NA,NA,NA,NA,NA,NA,NA,NA,NA,NA,NA,NA,NA,NA,NA,NA,NA,NA,NA,NA,NA,NA,NA,NA,NA,NA,NA,NA,NA,NA,NA,NA,NA,NA,NA,NA,NA,NA,NA,NA,NA,NA,NA,NA,NA,NA,NA,NA,NA,NA,NA,NA,NA,NA,NA,NA
41000,OR,NA,NA,NA,NA,NA,NA,NA,NA,NA,NA,NA,NA,NA,NA,NA,NA,NA,NA,NA,NA,NA,NA,NA,NA,NA,NA,NA,NA,NA,NA,NA,NA,NA,NA,NA,NA,NA,NA,NA,NA,NA,NA,NA,NA,NA,NA,NA,NA,NA,NA,NA,NA,NA,NA,NA,NA,NA,NA,NA,NA,NA,NA,NA,NA,NA
42000,PA,NA,NA,NA,NA,NA,NA,NA,NA,NA,NA,NA,NA,NA,NA,NA,NA,NA,NA,NA,NA,NA,2.630395533864667,2.630395533864667,2.630395533864667,2.630395533864667,2.630395533864667,2.630395533864667,2.630395533864667,2.630395533864667,2.630395533864667,2.630395533864667,2.630395533864667,2.630395533864667,2.630395533864667,2.630395533864667,2.630395533864667,2.630395533864667,2.630395533864667,2.630395533864667,2.630395533864667,2.630395533864667,2.630395533864667,2.527215510858476,2.339610008930725,2.339610008930725,2.339610008930725,2.339610008930725,2.339610008930725,2.339610008930725,2.205178333774509,2.205178333774509,2.205178333774509,2.205178333774509,2.205178333774509,1.9535906917915868,1.9535906917915868,1.9535906917915868,1.9535906917915868,1.9535906917915868,1.9535906917915868,1.9535906917915868,1.9535906917915868,1.9535906917915868,1.9535906917915868,1.9535906917915868
44000,RI,NA,NA,NA,NA,NA,NA,NA,NA,NA,NA,NA,NA,NA,NA,NA,NA,NA,NA,NA,NA,NA,NA,NA,NA,NA,NA,NA,NA,NA,NA,NA,NA,NA,NA,NA,NA,NA,NA,NA,NA,NA,NA,NA,NA,NA,NA,NA,NA,NA,NA,NA,NA,NA,NA,NA,NA,NA,NA,NA,NA,NA,NA,NA,NA,NA
45000,SC,NA,NA,NA,NA,NA,NA,NA,NA,NA,NA,NA,NA,NA,NA,NA,NA,NA,NA,NA,NA,NA,NA,NA,2.0162191126840314,2.0162191126840314,2.0162191126840314,2.0162191126840314,2.0162191126840314,2.0162191126840314,2.0162191126840314,2.0162191126840314,2.0162191126840314,2.0162191126840314,2.0162191126840314,2.0162191126840314,2.0162191126840314,2.0162191126840314,2.0162191126840314,2.0162191126840314,2.0162191126840314,2.0162191126840314,2.0162191126840314,1.9350547250019527,1.9350547250019527,1.7590565519222106,1.7590565519222106,1.7590565519222106,1.7590565519222106,1.7590565519222106,1.7590565519222106,1.7590565519222106,1.7590565519222106,1.7590565519222106,1.7590565519222106,1.7590565519222106,1.7590565519222106,1.7590565519222106,1.7590565519222106,1.7590565519222106,1.7590565519222106,1.7590565519222106,1.7590565519222106,1.7590565519222106,1.7590565519222106,1.7590565519222106
46000,SD,NA,NA,NA,NA,NA,NA,NA,NA,NA,NA,NA,NA,NA,NA,NA,NA,NA,NA,NA,NA,NA,NA,NA,NA,NA,NA,NA,NA,NA,NA,NA,NA,NA,NA,NA,NA,NA,NA,NA,NA,NA,NA,NA,NA,NA,NA,NA,NA,NA,NA,NA,NA,NA,NA,NA,NA,NA,NA,NA,NA,NA,NA,NA,NA,NA
47000,TN,NA,NA,NA,NA,NA,NA,NA,NA,NA,NA,NA,NA,NA,NA,NA,NA,NA,NA,NA,NA,NA,NA,NA,NA,NA,NA,2.525587163058061,2.525587163058061,2.525587163058061,2.525587163058061,2.525587163058061,2.525587163058061,2.525587163058061,2.525587163058061,2.525587163058061,2.525587163058061,2.525587163058061,2.525587163058061,2.525587163058061,2.525587163058061,2.525587163058061,2.525587163058061,2.525587163058061,2.525587163058061,2.525587163058061,2.525587163058061,2.4241065415030545,2.4241065415030545,2.4241065415030545,2.2446481316537144,2.2446481316537144,2.1151979626584287,2.1151979626584287,2.1151979626584287,2.1151979626584287,2.1151979626584287,2.1151979626584287,1.8719357822324527,1.8719357822324527,1.8719357822324527,1.8719357822324527,1.8719357822324527,1.8719357822324527,1.8719357822324527,1.8719357822324527
48000,TX,NA,NA,NA,NA,NA,NA,NA,NA,NA,NA,NA,NA,NA,NA,NA,NA,NA,NA,NA,NA,2.6663584632111825,2.6663584632111825,2.6663584632111825,2.6663584632111825,2.6663584632111825,2.6663584632111825,2.6663584632111825,2.6663584632111825,2.6663584632111825,2.6663584632111825,2.6663584632111825,2.6663584632111825,2.6663584632111825,2.6663584632111825,2.6663584632111825,2.6663584632111825,2.6663584632111825,2.6663584632111825,2.6663584632111825,2.6663584632111825,2.597823316108771,2.597823316108771,2.597823316108771,2.597823316108771,2.597823316108771,2.406766624003697,2.406766624003697,2.3266190597509038,2.3266190597509038,2.2326324178891053,1.9708532276158293,1.9708532276158293,1.9708532276158293,1.9708532276158293,1.9708532276158293,1.9708532276158293,1.9708532276158293,1.9708532276158293,1.9708532276158293,1.9708532276158293,1.9708532276158293,1.9708532276158293,1.9708532276158293,1.9708532276158293,1.9708532276158293
49000,UT,NA,NA,NA,NA,NA,NA,NA,NA,NA,NA,NA,NA,NA,NA,NA,NA,NA,NA,NA,NA,NA,NA,NA,NA,NA,NA,NA,NA,NA,NA,NA,NA,NA,NA,NA,NA,NA,NA,NA,NA,NA,NA,NA,NA,NA,NA,NA,NA,NA,NA,NA,NA,NA,NA,NA,NA,NA,NA,NA,NA,NA,NA,NA,NA,NA
50000,VT,NA,NA,NA,NA,NA,NA,NA,NA,NA,NA,NA,NA,NA,NA,NA,NA,NA,NA,NA,NA,NA,NA,NA,NA,NA,NA,NA,NA,NA,NA,NA,NA,NA,NA,NA,NA,NA,NA,NA,NA,NA,NA,NA,NA,NA,NA,NA,NA,NA,NA,NA,NA,NA,NA,NA,NA,NA,NA,NA,NA,NA,NA,NA,NA,NA
51000,VA,NA,NA,NA,NA,NA,NA,NA,NA,NA,NA,NA,NA,NA,NA,NA,NA,NA,NA,NA,NA,NA,NA,1.5066074474122082,1.5066074474122082,1.5066074474122082,1.5066074474122082,1.5066074474122082,1.5066074474122082,1.5066074474122082,1.5066074474122082,1.5066074474122082,1.5066074474122082,1.5066074474122082,1.5066074474122082,1.5066074474122082,1.5066074474122082,1.5066074474122082,1.5066074474122082,1.5066074474122082,1.5066074474122082,1.5066074474122082,1.5066074474122082,1.3868892884497412,1.3868892884497412,1.3868892884497412,1.3868892884497412,1.3868892884497412,1.3868892884497412,1.3868892884497412,1.3399814012484417,1.2662978990669689,1.2662978990669689,1.2662978990669689,1.2662978990669689,1.2662978990669689,1.2662978990669689,1.136480490851511,1.136480490851511,1.136480490851511,1.136480490851511,1.136480490851511,1.136480490851511,1.136480490851511,1.136480490851511,1.136480490851511
53000,WA,1.8318394193944536,1.8318394193944536,1.8318394193944536,1.8318394193944536,1.8318394193944536,1.8318394193944536,1.8318394193944536,1.8318394193944536,1.8318394193944536,1.8318394193944536,1.8318394193944536,1.8318394193944536,1.8318394193944536,1.8318394193944536,1.8318394193944536,1.8318394193944536,1.8318394193944536,1.8318394193944536,1.8318394193944536,1.8318394193944536,1.8318394193944536,1.8318394193944536,1.8318394193944536,1.8318394193944536,1.8318394193944536,1.8318394193944536,1.8318394193944536,1.8318394193944536,1.8318394193944536,1.8318394193944536,1.8318394193944536,1.8318394193944536,1.8318394193944536,1.8318394193944536,1.8318394193944536,1.8318394193944536,1.8318394193944536,1.7855147188153142,1.7855147188153142,1.7855147188153142,1.7855147188153142,1.7855147188153142,1.7855147188153142,1.5882747945447349,1.5882747945447349,1.5882747945447349,1.5882747945447349,1.5882747945447349,1.5882747945447349,1.3617740117396124,1.3617740117396124,1.3617740117396124,1.3617740117396124,1.3617740117396124,1.3617740117396124,1.3617740117396124,1.3617740117396124,1.3617740117396124,1.3617740117396124,1.3617740117396124,1.3617740117396124,1.3617740117396124,1.3617740117396124,1.3617740117396124,1.3617740117396124
54000,WV,NA,NA,NA,NA,NA,NA,NA,NA,NA,NA,NA,NA,NA,NA,NA,NA,NA,NA,NA,NA,NA,NA,NA,NA,NA,NA,NA,NA,NA,NA,NA,NA,NA,NA,NA,NA,NA,NA,NA,NA,NA,NA,NA,NA,NA,NA,NA,NA,NA,NA,NA,NA,NA,NA,NA,NA,NA,NA,NA,NA,NA,NA,NA,NA,NA
55000,WI,NA,NA,NA,NA,NA,NA,NA,NA,NA,NA,NA,NA,NA,NA,NA,NA,NA,NA,NA,NA,NA,NA,2.5790602359814123,2.5790602359814123,2.5790602359814123,2.5790602359814123,2.5790602359814123,2.5790602359814123,2.5790602359814123,2.5790602359814123,2.5790602359814123,2.5790602359814123,2.5790602359814123,2.5790602359814123,2.5790602359814123,2.5790602359814123,2.5790602359814123,2.5790602359814123,2.5790602359814123,2.5790602359814123,2.5790602359814123,2.5790602359814123,2.5790602359814123,2.2498416931969483,2.1597979139919734,2.1597979139919734,2.1597979139919734,2.1597979139919734,2.1597979139919734,2.1597979139919734,2.1597979139919734,1.9098667402766327,1.9098667402766327,1.9098667402766327,1.9098667402766327,1.9098667402766327,1.9098667402766327,1.9098667402766327,1.9098667402766327,1.9098667402766327,1.9098667402766327,1.9098667402766327,1.9098667402766327,1.9098667402766327,1.9098667402766327
56000,WY,NA,NA,NA,NA,NA,NA,NA,NA,NA,NA,NA,NA,NA,NA,NA,NA,NA,NA,NA,NA,NA,NA,NA,NA,NA,NA,NA,NA,NA,NA,NA,NA,NA,NA,NA,NA,NA,NA,NA,NA,NA,NA,NA,NA,NA,NA,NA,NA,NA,NA,NA,NA,NA,NA,NA,NA,NA,NA,NA,NA,NA,NA,NA,NA,NA
72000,PR,NA,NA,NA,NA,NA,NA,NA,NA,NA,NA,NA,NA,NA,NA,NA,NA,NA,NA,NA,NA,NA,NA,NA,NA,NA,NA,NA,NA,NA,NA,NA,NA,NA,NA,NA,NA,NA,NA,NA,NA,NA,NA,NA,NA,NA,NA,NA,NA,NA,NA,NA,NA,NA,NA,NA,NA,NA,NA,NA,NA,NA,NA,NA,NA,NA