FIPS,Combined_Key,02/03/20,02/04/20,02/05/20,02/06/20,02/07/20,02/08/20,02/09/20,02/10/20,02/11/20,02/12/20,02/13/20,02/14/20,02/15/20,02/16/20,02/17/20,02/18/20,02/19/20,02/20/20,02/21/20,02/22/20,02/23/20,02/24/20,02/25/20,02/26/20,02/27/20,02/28/20,02/29/20,03/01/20,03/02/20,03/03/20,03/04/20,03/05/20,03/06/20,03/07/20,03/08/20,03/09/20,03/10/20,03/11/20,03/12/20,03/13/20,03/14/20,03/15/20,03/16/20,03/17/20,03/18/20,03/19/20,03/20/20,03/21/20,03/22/20,03/23/20,03/24/20,03/25/20,03/26/20,03/27/20,03/28/20,03/29/20,03/30/20,03/31/20,04/01/20,04/02/20,04/03/20,04/04/20,04/05/20,04/06/20,04/07/20,04/08/20,04/09/20,04/10/20,04/11/20,04/12/20,04/13/20,04/14/20,04/15/20,04/16/20,04/17/20,04/18/20,04/19/20,04/20/20,04/21/20,04/22/20,04/23/20,04/24/20,04/25/20,04/26/20,04/27/20,04/28/20,04/29/20,04/30/20,05/01/20,05/02/20,05/03/20,05/04/20
1000,AL,NA,NA,NA,NA,NA,NA,NA,NA,NA,NA,NA,NA,NA,NA,NA,NA,NA,NA,NA,NA,NA,NA,NA,NA,NA,2.364337013544328,2.364337013544328,2.364337013544328,2.364337013544328,2.364337013544328,2.364337013544328,2.364337013544328,2.364337013544328,2.364337013544328,2.364337013544328,2.364337013544328,2.364337013544328,2.3689138688083102,2.3689138688083102,2.2762270726399514,2.2762270726399514,2.2762270726399514,1.234128468617241,1.234128468617241,1.234128468617241,1.179336541749076,1.0560113311607549,1.0560113311607549,1.0560113311607549,1.0560113311607549,1.0560113311607549,1.0560113311607549,1.0560113311607549,1.0560113311607549,1.0560113311607549,1.0560113311607549,1.0560113311607549,1.0560113311607549,1.0560113311607549,1.0560113311607549,1.0560113311607549,1.0560113311607549,1.0560113311607549,1.0560113311607549,1.0560113311607549,1.0560113311607549,1.0560113311607549,1.0560113311607549,1.0560113311607549,1.0560113311607549,1.0560113311607549,1.0560113311607549,1.0560113311607549,1.0560113311607549,1.0560113311607549,1.0560113311607549,1.0560113311607549,1.0560113311607549,1.0560113311607549,1.0560113311607549,1.0560113311607549,1.0560113311607549,1.0560113311607549,1.0560113311607549,1.0560113311607549,1.0560113311607549,1.0560113311607549,1.0560113311607549,1.0560113311607549,1.0560113311607549,1.0560113311607549,1.0560113311607549
2000,AK,NA,NA,NA,NA,NA,NA,NA,NA,NA,NA,NA,NA,NA,NA,NA,NA,NA,NA,NA,NA,NA,NA,NA,NA,NA,NA,NA,NA,NA,NA,NA,NA,NA,NA,NA,NA,NA,NA,NA,NA,NA,NA,NA,NA,NA,NA,NA,NA,NA,NA,NA,NA,NA,NA,NA,NA,NA,NA,NA,NA,NA,NA,1.0112509018369606,1.0112509018369606,1.0112509018369606,1.0112509018369606,1.0112509018369606,1.0112509018369606,1.0112509018369606,1.0112509018369606,1.0112509018369606,1.0112509018369606,1.0112509018369606,1.0112509018369606,1.0112509018369606,1.0112509018369606,1.0112509018369606,1.0112509018369606,1.0112509018369606,1.0112509018369606,1.0112509018369606,1.0112509018369606,1.0112509018369606,1.0112509018369606,1.0112509018369606,1.0112509018369606,1.0112509018369606,1.0112509018369606,1.0112509018369606,1.0112509018369606,1.0112509018369606,1.0112509018369606
4000,AZ,NA,NA,NA,NA,NA,NA,NA,NA,NA,NA,NA,NA,NA,NA,NA,NA,NA,NA,NA,NA,NA,NA,NA,2.6153917597666543,2.6153917597666543,2.6153917597666543,2.6153917597666543,2.6153917597666543,2.6153917597666543,2.6153917597666543,2.6153917597666543,2.6153917597666543,2.6153917597666543,2.6153917597666543,2.6153917597666543,2.6153917597666543,2.6153917597666543,2.619234981554732,2.619234981554732,2.619234981554732,2.619234981554732,2.619234981554732,1.4179169460909633,1.4179169460909633,1.4179169460909633,1.4179169460909633,1.3556436645584868,1.3556436645584868,1.3556436645584868,1.3556436645584868,1.3556436645584868,1.3556436645584868,1.3556436645584868,1.3556436645584868,1.3556436645584868,1.3556436645584868,1.3556436645584868,0.8132274408296537,0.8132274408296537,0.8132274408296537,0.8132274408296537,0.8132274408296537,0.8132274408296537,0.8132274408296537,0.8132274408296537,0.8132274408296537,0.8132274408296537,0.8132274408296537,0.8132274408296537,0.8132274408296537,0.8132274408296537,0.8132274408296537,0.8132274408296537,0.8132274408296537,0.8132274408296537,0.8132274408296537,0.8132274408296537,0.8132274408296537,0.8132274408296537,0.8132274408296537,0.8132274408296537,0.8132274408296537,0.8132274408296537,0.8132274408296537,0.8132274408296537,0.8132274408296537,0.8132274408296537,0.8132274408296537,0.8132274408296537,0.8132274408296537,0.8132274408296537,0.8132274408296537
5000,AR,NA,NA,NA,NA,NA,NA,NA,NA,NA,NA,NA,NA,NA,NA,NA,NA,NA,NA,NA,NA,NA,NA,NA,NA,NA,NA,NA,NA,NA,NA,NA,NA,NA,NA,NA,NA,2.01412660482029,2.01750443683751,2.01750443683751,2.01750443683751,2.01750443683751,2.01750443683751,1.9801182895954383,1.0857108900984007,1.0857108900984007,1.0170804120921233,1.0170804120921233,1.0170804120921233,1.0170804120921233,1.0170804120921233,1.0170804120921233,1.0170804120921233,1.0170804120921233,1.0170804120921233,1.0170804120921233,1.0170804120921233,1.0170804120921233,1.0170804120921233,1.0170804120921233,1.0170804120921233,1.0170804120921233,1.0170804120921233,1.0170804120921233,1.0170804120921233,1.0170804120921233,1.0170804120921233,1.0170804120921233,1.0170804120921233,1.0170804120921233,1.0170804120921233,1.0170804120921233,1.0170804120921233,1.0170804120921233,1.0170804120921233,1.0170804120921233,1.0170804120921233,1.0170804120921233,1.0170804120921233,1.0170804120921233,1.0170804120921233,1.0170804120921233,1.0170804120921233,1.0170804120921233,1.0170804120921233,1.0170804120921233,1.0170804120921233,1.0170804120921233,1.0170804120921233,1.0170804120921233,1.0170804120921233,1.0170804120921233,1.0170804120921233
6000,CA,NA,NA,NA,NA,NA,NA,NA,NA,NA,NA,NA,NA,NA,3.3099261933866333,3.3099261933866333,3.3099261933866333,3.3099261933866333,3.3099261933866333,3.3099261933866333,3.3099261933866333,3.3099261933866333,3.3099261933866333,3.3099261933866333,3.3099261933866333,3.3099261933866333,3.3099261933866333,3.3099261933866333,3.3099261933866333,3.3099261933866333,3.3099261933866333,3.3099261933866333,3.3099261933866333,3.3099261933866333,3.3099261933866333,3.3099261933866333,3.3099261933866333,3.3099261933866333,3.3155744208537885,3.3155744208537885,3.3155744208537885,3.3155744208537885,3.1455750426156266,3.083561666841463,3.083561666841463,3.083561666841463,1.014230333727462,1.014230333727462,1.014230333727462,1.014230333727462,1.014230333727462,1.014230333727462,1.014230333727462,1.014230333727462,1.014230333727462,1.014230333727462,1.014230333727462,1.014230333727462,1.014230333727462,1.014230333727462,1.014230333727462,1.014230333727462,1.014230333727462,1.014230333727462,1.014230333727462,1.014230333727462,1.014230333727462,1.014230333727462,1.014230333727462,1.014230333727462,1.014230333727462,1.014230333727462,1.014230333727462,1.014230333727462,1.014230333727462,1.014230333727462,1.014230333727462,1.014230333727462,1.014230333727462,1.014230333727462,1.014230333727462,1.014230333727462,1.014230333727462,1.014230333727462,1.014230333727462,1.014230333727462,1.014230333727462,1.014230333727462,1.014230333727462,1.014230333727462,1.014230333727462,1.014230333727462,1.014230333727462
8000,CO,NA,NA,NA,NA,NA,NA,NA,NA,NA,NA,NA,NA,NA,NA,NA,NA,NA,NA,NA,NA,NA,2.7657436094322065,2.7657436094322065,2.7657436094322065,2.7657436094322065,2.7657436094322065,2.7657436094322065,2.7657436094322065,2.7657436094322065,2.7657436094322065,2.7657436094322065,2.7657436094322065,2.7657436094322065,2.7657436094322065,2.7657436094322065,2.7657436094322065,2.7657436094322065,2.770500738948812,2.770500738948812,2.6607440402775864,2.6607440402775864,2.6607440402775864,2.608409713043336,2.5706425711077,2.5706425711077,2.5706425711077,2.478477464795632,2.478477464795632,2.478477464795632,1.3632328702768353,1.2240693115510075,1.2240693115510075,0.8479893706784677,0.8479893706784677,0.8479893706784677,0.8479893706784677,0.8479893706784677,0.8479893706784677,0.8479893706784677,0.8479893706784677,0.8479893706784677,0.8479893706784677,0.8479893706784677,0.8479893706784677,0.8479893706784677,0.8479893706784677,0.8479893706784677,0.8479893706784677,0.8479893706784677,0.8479893706784677,0.8479893706784677,0.8479893706784677,0.8479893706784677,0.8479893706784677,0.8479893706784677,0.8479893706784677,0.8479893706784677,0.8479893706784677,0.8479893706784677,0.8479893706784677,0.8479893706784677,0.8479893706784677,0.8479893706784677,0.8479893706784677,0.8479893706784677,0.8479893706784677,0.8479893706784677,0.8479893706784677,0.8479893706784677,0.8479893706784677,0.8479893706784677,0.8479893706784677
9000,CT,NA,NA,NA,NA,NA,NA,NA,NA,NA,NA,NA,NA,NA,NA,NA,NA,NA,NA,NA,4.109865080568906,4.109865080568906,4.109865080568906,4.109865080568906,4.109865080568906,4.109865080568906,4.109865080568906,4.109865080568906,4.109865080568906,4.109865080568906,4.109865080568906,4.109865080568906,4.109865080568906,4.109865080568906,4.109865080568906,4.109865080568906,4.109865080568906,4.109865080568906,4.116914799120327,4.116914799120327,4.116914799120327,4.116914799120327,4.116914799120327,3.838103029837943,2.109746370214093,2.109746370214093,2.109746370214093,2.109746370214093,2.109746370214093,2.109746370214093,1.2587369029659152,1.2587369029659152,1.2587369029659152,1.2587369029659152,1.2587369029659152,1.2587369029659152,1.2587369029659152,1.2587369029659152,1.2587369029659152,1.2587369029659152,1.2587369029659152,1.2587369029659152,1.2587369029659152,1.2587369029659152,1.2587369029659152,1.2587369029659152,1.2587369029659152,1.2587369029659152,1.2587369029659152,1.2587369029659152,1.2587369029659152,1.2587369029659152,1.2587369029659152,1.2587369029659152,1.2587369029659152,1.2587369029659152,1.2587369029659152,1.2587369029659152,1.2587369029659152,1.2587369029659152,1.2587369029659152,1.2587369029659152,1.2587369029659152,1.2587369029659152,1.2587369029659152,1.2587369029659152,1.2587369029659152,1.2587369029659152,1.2587369029659152,1.2587369029659152,1.2587369029659152,1.2587369029659152,1.2587369029659152
10000,DE,NA,NA,NA,NA,NA,NA,NA,NA,NA,NA,NA,NA,NA,NA,NA,NA,NA,NA,NA,NA,NA,NA,NA,NA,NA,3.3735043315348774,3.3735043315348774,3.3735043315348774,3.3735043315348774,3.3735043315348774,3.3735043315348774,3.3735043315348774,3.3735043315348774,3.3735043315348774,3.3735043315348774,3.3735043315348774,3.3735043315348774,3.379280346714391,3.214621990328737,3.214621990328737,3.214621990328737,3.214621990328737,1.732344707828899,1.732344707828899,1.732344707828899,1.732344707828899,1.732344707828899,1.732344707828899,1.732344707828899,1.732344707828899,1.033620946586746,1.033620946586746,1.033620946586746,1.033620946586746,1.033620946586746,1.033620946586746,1.033620946586746,1.033620946586746,1.033620946586746,1.033620946586746,1.033620946586746,1.033620946586746,1.033620946586746,1.033620946586746,1.033620946586746,1.033620946586746,1.033620946586746,1.033620946586746,1.033620946586746,1.033620946586746,1.033620946586746,1.033620946586746,1.033620946586746,1.033620946586746,1.033620946586746,1.033620946586746,1.033620946586746,1.033620946586746,1.033620946586746,1.033620946586746,1.033620946586746,1.033620946586746,1.033620946586746,1.033620946586746,1.033620946586746,1.033620946586746,1.033620946586746,1.033620946586746,1.033620946586746,1.033620946586746,1.033620946586746,1.033620946586746
11000,DC,NA,NA,NA,NA,NA,NA,NA,NA,NA,NA,NA,NA,NA,NA,NA,NA,NA,NA,NA,NA,NA,NA,NA,NA,NA,NA,3.5051463702590264,3.5051463702590264,3.5051463702590264,3.5051463702590264,3.5051463702590264,3.5051463702590264,3.5051463702590264,3.5051463702590264,3.5051463702590264,3.5051463702590264,3.5051463702590264,3.51170399907601,3.51170399907601,3.51170399907601,3.51170399907601,3.51170399907601,1.7995254678880264,1.7995254678880264,1.7995254678880264,1.7995254678880264,1.7995254678880264,1.7995254678880264,1.7995254678880264,1.7995254678880264,1.7995254678880264,1.5493545414136654,1.5493545414136654,1.5493545414136654,1.5493545414136654,1.5493545414136654,1.5493545414136654,1.5493545414136654,1.073886245090075,1.073886245090075,1.073886245090075,1.073886245090075,1.073886245090075,1.073886245090075,1.073886245090075,1.073886245090075,1.073886245090075,1.073886245090075,1.073886245090075,1.073886245090075,1.073886245090075,1.073886245090075,1.073886245090075,1.073886245090075,1.073886245090075,1.073886245090075,1.073886245090075,1.073886245090075,1.073886245090075,1.073886245090075,1.073886245090075,1.073886245090075,1.073886245090075,1.073886245090075,1.073886245090075,1.073886245090075,1.073886245090075,1.073886245090075,1.073886245090075,1.073886245090075,1.073886245090075,1.073886245090075
12000,FL,NA,NA,NA,NA,NA,NA,NA,NA,NA,NA,NA,NA,NA,NA,NA,NA,NA,2.678896639297585,2.678896639297585,2.678896639297585,2.678896639297585,2.678896639297585,2.678896639297585,2.678896639297585,2.678896639297585,2.678896639297585,2.678896639297585,2.678896639297585,2.678896639297585,2.678896639297585,2.678896639297585,2.678896639297585,2.678896639297585,2.678896639297585,2.678896639297585,2.678896639297585,2.678896639297585,2.684027447733876,2.684027447733876,2.684027447733876,2.684027447733876,2.684027447733876,1.464585647893938,1.2535663955611926,1.2535663955611926,1.2535663955611926,1.1786061544866249,1.1786061544866249,1.1786061544866249,1.1786061544866249,1.1786061544866249,1.1786061544866249,1.1786061544866249,1.1786061544866249,1.1786061544866249,1.1786061544866249,1.1786061544866249,1.1786061544866249,1.1786061544866249,1.1786061544866249,1.1786061544866249,1.1786061544866249,1.1786061544866249,1.1786061544866249,1.1786061544866249,1.1786061544866249,1.1786061544866249,1.1786061544866249,1.1786061544866249,1.1786061544866249,1.1786061544866249,1.1786061544866249,1.1786061544866249,1.1786061544866249,1.1786061544866249,1.1786061544866249,1.1786061544866249,1.1786061544866249,1.1786061544866249,1.1786061544866249,1.1786061544866249,1.1786061544866249,1.1786061544866249,1.1786061544866249,1.1786061544866249,1.1786061544866249,1.1786061544866249,1.1786061544866249,1.1786061544866249,1.1786061544866249,1.1786061544866249,1.1786061544866249
13000,GA,NA,NA,NA,NA,NA,NA,NA,NA,NA,NA,NA,NA,NA,NA,NA,NA,2.4695550967909607,2.4695550967909607,2.4695550967909607,2.4695550967909607,2.4695550967909607,2.4695550967909607,2.4695550967909607,2.4695550967909607,2.4695550967909607,2.4695550967909607,2.4695550967909607,2.4695550967909607,2.4695550967909607,2.4695550967909607,2.4695550967909607,2.4695550967909607,2.4695550967909607,2.4695550967909607,2.4695550967909607,2.4695550967909607,2.4695550967909607,2.4742743680260335,2.4742743680260335,2.4742743680260335,2.4742743680260335,2.4742743680260335,2.4279684559195416,2.112948305033865,1.1565090219369365,1.1565090219369365,1.0875044989617535,1.0875044989617535,1.0875044989617535,1.0875044989617535,1.0875044989617535,1.0875044989617535,1.0875044989617535,1.0875044989617535,1.0875044989617535,1.0875044989617535,1.0875044989617535,1.0875044989617535,1.0875044989617535,1.0875044989617535,1.0875044989617535,1.0875044989617535,1.0875044989617535,1.0875044989617535,1.0875044989617535,1.0875044989617535,1.0875044989617535,1.0875044989617535,1.0875044989617535,1.0875044989617535,1.0875044989617535,1.0875044989617535,1.0875044989617535,1.0875044989617535,1.0875044989617535,1.0875044989617535,1.0875044989617535,1.0875044989617535,1.0875044989617535,1.0875044989617535,1.0875044989617535,1.0875044989617535,1.0875044989617535,1.0875044989617535,1.0875044989617535,1.0875044989617535,1.0875044989617535,1.0875044989617535,1.0875044989617535,1.0875044989617535,1.0875044989617535,1.0875044989617535
15000,HI,NA,NA,NA,NA,NA,NA,NA,NA,NA,NA,NA,NA,NA,NA,NA,NA,NA,NA,NA,NA,NA,NA,NA,NA,NA,NA,NA,NA,NA,NA,NA,NA,NA,NA,NA,NA,NA,NA,NA,NA,NA,NA,NA,NA,NA,NA,NA,NA,NA,NA,NA,NA,NA,NA,NA,NA,NA,NA,NA,NA,NA,NA,NA,NA,NA,NA,NA,NA,NA,NA,NA,NA,NA,NA,NA,NA,NA,NA,NA,NA,NA,NA,NA,NA,NA,NA,NA,NA,NA,NA,NA,NA
16000,ID,NA,NA,NA,NA,NA,NA,NA,NA,NA,NA,NA,NA,NA,NA,NA,NA,NA,NA,NA,NA,NA,NA,NA,NA,NA,NA,NA,NA,NA,NA,NA,2.2670571077651793,2.2670571077651793,2.2670571077651793,2.2670571077651793,2.2670571077651793,2.2670571077651793,2.2714984269355885,2.2714984269355885,2.2714984269355885,2.2714984269355885,2.2714984269355885,2.226665565657276,2.226665565657276,2.226665565657276,2.226665565657276,2.226665565657276,2.226665565657276,2.226665565657276,1.1728531070321868,1.1728531070321868,0.6957870028622247,0.6957870028622247,0.6957870028622247,0.6957870028622247,0.6957870028622247,0.6957870028622247,0.6957870028622247,0.6957870028622247,0.6957870028622247,0.6957870028622247,0.6957870028622247,0.6957870028622247,0.6957870028622247,0.6957870028622247,0.6957870028622247,0.6957870028622247,0.6957870028622247,0.6957870028622247,0.6957870028622247,0.6957870028622247,0.6957870028622247,0.6957870028622247,0.6957870028622247,0.6957870028622247,0.6957870028622247,0.6957870028622247,0.6957870028622247,0.6957870028622247,0.6957870028622247,0.6957870028622247,0.6957870028622247,0.6957870028622247,0.6957870028622247,0.6957870028622247,0.6957870028622247,0.6957870028622247,0.6957870028622247,0.6957870028622247,0.6957870028622247,0.6957870028622247,0.6957870028622247
17000,IL,NA,NA,NA,NA,NA,NA,NA,NA,NA,NA,NA,NA,NA,NA,NA,NA,NA,NA,NA,3.8424628601731854,3.8424628601731854,3.8424628601731854,3.8424628601731854,3.8424628601731854,3.8424628601731854,3.8424628601731854,3.8424628601731854,3.8424628601731854,3.8424628601731854,3.8424628601731854,3.8424628601731854,3.8424628601731854,3.8424628601731854,3.8424628601731854,3.8424628601731854,3.8424628601731854,3.8424628601731854,3.849152321117037,3.849152321117037,3.849152321117037,3.849152321117037,3.849152321117037,3.7761988916031672,2.103251822665087,1.7012954757860852,1.7012954757860852,1.7012954757860852,1.1774078654757587,1.1774078654757587,1.1774078654757587,1.1774078654757587,1.1774078654757587,1.1774078654757587,1.1774078654757587,1.1774078654757587,1.1774078654757587,1.1774078654757587,1.1774078654757587,1.1774078654757587,1.1774078654757587,1.1774078654757587,1.1774078654757587,1.1774078654757587,1.1774078654757587,1.1774078654757587,1.1774078654757587,1.1774078654757587,1.1774078654757587,1.1774078654757587,1.1774078654757587,1.1774078654757587,1.1774078654757587,1.1774078654757587,1.1774078654757587,1.1774078654757587,1.1774078654757587,1.1774078654757587,1.1774078654757587,1.1774078654757587,1.1774078654757587,1.1774078654757587,1.1774078654757587,1.1774078654757587,1.1774078654757587,1.1774078654757587,1.1774078654757587,1.1774078654757587,1.1774078654757587,1.1774078654757587,1.1774078654757587,1.1774078654757587,1.1774078654757587
18000,IN,NA,NA,NA,NA,NA,NA,NA,NA,NA,NA,NA,NA,NA,NA,NA,NA,NA,NA,NA,NA,3.4190750838911077,3.4190750838911077,3.4190750838911077,3.4190750838911077,3.4190750838911077,3.4190750838911077,3.4190750838911077,3.4190750838911077,3.4190750838911077,3.4190750838911077,3.4190750838911077,3.4190750838911077,3.4190750838911077,3.4190750838911077,3.4190750838911077,3.4190750838911077,3.4190750838911077,3.4256848604079817,3.4256848604079817,3.2946495451144866,3.2946495451144866,3.2946495451144866,3.231624701682258,3.0669162086356674,3.0669162086356674,1.6841944157521676,1.6841944157521676,1.6841944157521676,1.6841944157521676,1.6841944157521676,1.0477767123169397,1.0477767123169397,1.0477767123169397,1.0477767123169397,1.0477767123169397,1.0477767123169397,1.0477767123169397,1.0477767123169397,1.0477767123169397,1.0477767123169397,1.0477767123169397,1.0477767123169397,1.0477767123169397,1.0477767123169397,1.0477767123169397,1.0477767123169397,1.0477767123169397,1.0477767123169397,1.0477767123169397,1.0477767123169397,1.0477767123169397,1.0477767123169397,1.0477767123169397,1.0477767123169397,1.0477767123169397,1.0477767123169397,1.0477767123169397,1.0477767123169397,1.0477767123169397,1.0477767123169397,1.0477767123169397,1.0477767123169397,1.0477767123169397,1.0477767123169397,1.0477767123169397,1.0477767123169397,1.0477767123169397,1.0477767123169397,1.0477767123169397,1.0477767123169397,1.0477767123169397,1.0477767123169397
19000,IA,NA,NA,NA,NA,NA,NA,NA,NA,NA,NA,NA,NA,NA,NA,NA,NA,NA,NA,NA,NA,NA,NA,NA,NA,NA,NA,NA,NA,NA,1.3923478260517606,1.3923478260517606,1.3923478260517606,1.3923478260517606,1.3923478260517606,1.3923478260517606,1.3923478260517606,1.3923478260517606,1.3947015245423215,1.3947015245423215,1.3947015245423215,1.3947015245423215,1.3947015245423215,1.3645658724194134,1.2823229482255976,1.2823229482255976,1.2823229482255976,1.2823229482255976,1.2823229482255976,1.2823229482255976,1.2823229482255976,1.2823229482255976,1.2823229482255976,1.2823229482255976,1.2823229482255976,1.2823229482255976,1.2823229482255976,1.2823229482255976,1.2823229482255976,1.2823229482255976,1.2823229482255976,1.2823229482255976,1.2823229482255976,1.2823229482255976,1.2823229482255976,1.2823229482255976,1.2823229482255976,1.2823229482255976,1.2823229482255976,1.2823229482255976,1.2823229482255976,1.2823229482255976,1.2823229482255976,1.2823229482255976,1.2823229482255976,1.2823229482255976,1.2823229482255976,1.2823229482255976,1.2823229482255976,1.2823229482255976,1.2823229482255976,1.2823229482255976,1.2823229482255976,1.2823229482255976,1.2823229482255976,1.2823229482255976,1.2823229482255976,1.2823229482255976,1.2823229482255976,1.2823229482255976,1.2823229482255976,1.2823229482255976,1.2823229482255976
20000,KS,NA,NA,NA,NA,NA,NA,NA,NA,NA,NA,NA,NA,NA,NA,NA,NA,NA,NA,NA,NA,NA,NA,NA,NA,NA,NA,NA,2.848954891102773,2.848954891102773,2.848954891102773,2.848954891102773,2.848954891102773,2.848954891102773,2.848954891102773,2.848954891102773,2.848954891102773,2.848954891102773,2.8541395486246235,2.8541395486246235,2.8541395486246235,2.8541395486246235,2.8541395486246235,2.8014172376450133,2.4481061936327086,1.3388210265286844,1.3388210265286844,1.3388210265286844,1.3388210265286844,1.3388210265286844,1.3388210265286844,1.2612898890660922,1.2612898890660922,1.2612898890660922,1.2612898890660922,1.2612898890660922,1.2612898890660922,0.8730807329833823,0.8730807329833823,0.8730807329833823,0.8730807329833823,0.8730807329833823,0.8730807329833823,0.8730807329833823,0.8730807329833823,0.8730807329833823,0.8730807329833823,0.8730807329833823,0.8730807329833823,0.8730807329833823,0.8730807329833823,0.8730807329833823,0.8730807329833823,0.8730807329833823,0.8730807329833823,0.8730807329833823,0.8730807329833823,0.8730807329833823,0.8730807329833823,0.8730807329833823,0.8730807329833823,0.8730807329833823,0.8730807329833823,0.8730807329833823,0.8730807329833823,0.8730807329833823,0.8730807329833823,0.8730807329833823,0.8730807329833823,0.8730807329833823,0.8730807329833823,0.8730807329833823,0.8730807329833823
21000,KY,NA,NA,NA,NA,NA,NA,NA,NA,NA,NA,NA,NA,NA,NA,NA,NA,NA,NA,NA,NA,NA,NA,NA,NA,NA,NA,NA,NA,2.8590796503612297,2.8590796503612297,2.8590796503612297,2.8590796503612297,2.8590796503612297,2.8590796503612297,2.8590796503612297,2.8590796503612297,2.8590796503612297,2.864204849889958,2.864204849889958,2.864204849889958,2.864204849889958,2.864204849889958,1.4905956075079023,1.4905956075079023,1.4650061547408206,1.4650061547408206,1.4650061547408206,1.4650061547408206,1.4650061547408206,1.4650061547408206,1.4650061547408206,1.4650061547408206,0.8758476325011856,0.8758476325011856,0.8758476325011856,0.8758476325011856,0.8758476325011856,0.8758476325011856,0.8758476325011856,0.8758476325011856,0.8758476325011856,0.8758476325011856,0.8758476325011856,0.8758476325011856,0.8758476325011856,0.8758476325011856,0.8758476325011856,0.8758476325011856,0.8758476325011856,0.8758476325011856,0.8758476325011856,0.8758476325011856,0.8758476325011856,0.8758476325011856,0.8758476325011856,0.8758476325011856,0.8758476325011856,0.8758476325011856,0.8758476325011856,0.8758476325011856,0.8758476325011856,0.8758476325011856,0.8758476325011856,0.8758476325011856,0.8758476325011856,0.8758476325011856,0.8758476325011856,0.8758476325011856,0.8758476325011856,0.8758476325011856,0.8758476325011856,0.8758476325011856
22000,LA,NA,NA,NA,NA,NA,NA,NA,NA,NA,NA,NA,NA,NA,NA,NA,2.968807128403532,2.968807128403532,2.968807128403532,2.968807128403532,2.968807128403532,2.968807128403532,2.968807128403532,2.968807128403532,2.968807128403532,2.968807128403532,2.968807128403532,2.968807128403532,2.968807128403532,2.968807128403532,2.968807128403532,2.968807128403532,2.968807128403532,2.968807128403532,2.968807128403532,2.968807128403532,2.968807128403532,2.968807128403532,2.9743146880785467,2.9743146880785467,2.9743146880785467,2.9743146880785467,2.9743146880785467,1.6297460479790642,1.31416281072652,1.31416281072652,1.31416281072652,1.31416281072652,1.31416281072652,1.31416281072652,0.9097696932814742,0.9097696932814742,0.9097696932814742,0.9097696932814742,0.9097696932814742,0.9097696932814742,0.9097696932814742,0.9097696932814742,0.9097696932814742,0.9097696932814742,0.9097696932814742,0.9097696932814742,0.9097696932814742,0.9097696932814742,0.9097696932814742,0.9097696932814742,0.9097696932814742,0.9097696932814742,0.9097696932814742,0.9097696932814742,0.9097696932814742,0.9097696932814742,0.9097696932814742,0.9097696932814742,0.9097696932814742,0.9097696932814742,0.9097696932814742,0.9097696932814742,0.9097696932814742,0.9097696932814742,0.9097696932814742,0.9097696932814742,0.9097696932814742,0.9097696932814742,0.9097696932814742,0.9097696932814742,0.9097696932814742,0.9097696932814742,0.9097696932814742,0.9097696932814742,0.9097696932814742,0.9097696932814742,0.9097696932814742
23000,ME,NA,NA,NA,NA,NA,NA,NA,NA,NA,NA,NA,NA,NA,NA,NA,NA,NA,NA,NA,NA,NA,NA,NA,NA,NA,NA,NA,NA,NA,NA,NA,NA,NA,NA,1.9454264813349096,1.9454264813349096,1.9454264813349096,1.9485773520843033,1.9485773520843033,1.9485773520843033,1.9485773520843033,1.081353596513202,1.0563714640178723,1.0563714640178723,0.865788783285998,0.865788783285998,0.865788783285998,0.865788783285998,0.865788783285998,0.865788783285998,0.865788783285998,0.865788783285998,0.865788783285998,0.865788783285998,0.865788783285998,0.865788783285998,0.865788783285998,0.865788783285998,0.865788783285998,0.865788783285998,0.865788783285998,0.865788783285998,0.865788783285998,0.865788783285998,0.865788783285998,0.865788783285998,0.865788783285998,0.865788783285998,0.865788783285998,0.865788783285998,0.865788783285998,0.865788783285998,0.865788783285998,0.865788783285998,0.865788783285998,0.865788783285998,0.865788783285998,0.865788783285998,0.865788783285998,0.865788783285998,0.865788783285998,0.865788783285998,0.865788783285998,0.865788783285998,0.865788783285998,0.865788783285998,0.865788783285998,0.865788783285998,0.865788783285998,0.865788783285998,0.865788783285998,0.865788783285998
24000,MD,NA,NA,NA,NA,NA,NA,NA,NA,NA,NA,NA,NA,NA,NA,NA,NA,NA,NA,NA,NA,NA,NA,NA,NA,NA,NA,3.939437852365569,3.939437852365569,3.939437852365569,3.939437852365569,3.939437852365569,3.939437852365569,3.939437852365569,3.939437852365569,3.939437852365569,3.939437852365569,3.939437852365569,3.9463020933617714,3.9463020933617714,3.794610489374948,3.794610489374948,3.794610489374948,1.7417713737859788,1.7417713737859788,1.7417713737859788,1.7417713737859788,1.7417713737859788,1.7417713737859788,1.7417713737859788,1.7417713737859788,1.7417713737859788,1.7417713737859788,1.7417713737859788,1.7417713737859788,1.7417713737859788,1.7417713737859788,1.206578215658346,1.206578215658346,1.206578215658346,1.206578215658346,1.206578215658346,1.206578215658346,1.206578215658346,1.206578215658346,1.206578215658346,1.206578215658346,1.206578215658346,1.206578215658346,1.206578215658346,1.206578215658346,1.206578215658346,1.206578215658346,1.206578215658346,1.206578215658346,1.206578215658346,1.206578215658346,1.206578215658346,1.206578215658346,1.206578215658346,1.206578215658346,1.206578215658346,1.206578215658346,1.206578215658346,1.206578215658346,1.206578215658346,1.206578215658346,1.206578215658346,1.206578215658346,1.206578215658346,1.206578215658346,1.206578215658346,1.206578215658346
25000,MA,NA,NA,NA,NA,NA,NA,NA,NA,NA,NA,NA,NA,NA,NA,NA,NA,NA,NA,NA,NA,NA,NA,4.371164317367694,4.371164317367694,4.371164317367694,4.371164317367694,4.371164317367694,4.371164317367694,4.371164317367694,4.371164317367694,4.371164317367694,4.371164317367694,4.371164317367694,4.371164317367694,4.371164317367694,4.371164317367694,4.371164317367694,4.379103550425992,4.379103550425992,4.379103550425992,4.379103550425992,4.379103550425992,4.2977626928936425,1.9374123595502315,1.9374123595502315,1.9374123595502315,1.9374123595502315,1.9374123595502315,1.9374123595502315,1.9374123595502315,1.3394420092292745,1.3394420092292745,1.3394420092292745,1.3394420092292745,1.3394420092292745,1.3394420092292745,1.3394420092292745,1.3394420092292745,1.3394420092292745,1.3394420092292745,1.3394420092292745,1.3394420092292745,1.3394420092292745,1.3394420092292745,1.3394420092292745,1.3394420092292745,1.3394420092292745,1.3394420092292745,1.3394420092292745,1.3394420092292745,1.3394420092292745,1.3394420092292745,1.3394420092292745,1.3394420092292745,1.3394420092292745,1.3394420092292745,1.3394420092292745,1.3394420092292745,1.3394420092292745,1.3394420092292745,1.3394420092292745,1.3394420092292745,1.3394420092292745,1.3394420092292745,1.3394420092292745,1.3394420092292745,1.3394420092292745,1.3394420092292745,1.3394420092292745,1.3394420092292745,1.3394420092292745,1.3394420092292745
26000,MI,NA,NA,NA,NA,NA,NA,NA,NA,NA,NA,NA,NA,NA,NA,NA,NA,NA,NA,NA,3.313923102801663,3.313923102801663,3.313923102801663,3.313923102801663,3.313923102801663,3.313923102801663,3.313923102801663,3.313923102801663,3.313923102801663,3.313923102801663,3.313923102801663,3.313923102801663,3.313923102801663,3.313923102801663,3.313923102801663,3.313923102801663,3.313923102801663,3.313923102801663,3.3198606754143767,3.3198606754143767,3.3198606754143767,3.3198606754143767,3.3198606754143767,1.7008272664820538,1.7008272664820538,1.7008272664820538,1.7008272664820538,1.7008272664820538,1.7008272664820538,1.7008272664820538,1.7008272664820538,1.0156098241098497,1.0156098241098497,1.0156098241098497,1.0156098241098497,1.0156098241098497,1.0156098241098497,1.0156098241098497,1.0156098241098497,1.0156098241098497,1.0156098241098497,1.0156098241098497,1.0156098241098497,1.0156098241098497,1.0156098241098497,1.0156098241098497,1.0156098241098497,1.0156098241098497,1.0156098241098497,1.0156098241098497,1.0156098241098497,1.0156098241098497,1.0156098241098497,1.0156098241098497,1.0156098241098497,1.0156098241098497,1.0156098241098497,1.0156098241098497,1.0156098241098497,1.0156098241098497,1.0156098241098497,1.0156098241098497,1.0156098241098497,1.0156098241098497,1.0156098241098497,1.0156098241098497,1.0156098241098497,1.0156098241098497,1.0156098241098497,1.0156098241098497,1.0156098241098497,1.0156098241098497,1.0156098241098497
27000,MN,NA,NA,NA,NA,NA,NA,NA,NA,NA,NA,NA,NA,NA,NA,NA,NA,NA,NA,NA,NA,NA,NA,NA,NA,NA,NA,NA,NA,NA,3.9686866669463257,3.9686866669463257,3.9686866669463257,3.9686866669463257,3.9686866669463257,3.9686866669463257,3.9686866669463257,3.9686866669463257,3.976382127329506,3.976382127329506,3.976382127329506,3.976382127329506,3.976382127329506,3.906795250049084,3.7109304821965514,2.0377312911914736,2.0377312911914736,2.0377312911914736,2.0377312911914736,2.0377312911914736,2.0377312911914736,2.0377312911914736,2.0377312911914736,2.0377312911914736,1.2158137482452187,1.2158137482452187,1.2158137482452187,1.2158137482452187,1.2158137482452187,1.2158137482452187,1.2158137482452187,1.2158137482452187,1.2158137482452187,1.2158137482452187,1.2158137482452187,1.2158137482452187,1.2158137482452187,1.2158137482452187,1.2158137482452187,1.2158137482452187,1.2158137482452187,1.2158137482452187,1.2158137482452187,1.2158137482452187,1.2158137482452187,1.2158137482452187,1.2158137482452187,1.2158137482452187,1.2158137482452187,1.2158137482452187,1.2158137482452187,1.2158137482452187,1.2158137482452187,1.2158137482452187,1.2158137482452187,1.2158137482452187,1.2158137482452187,1.2158137482452187,1.2158137482452187,1.2158137482452187,1.2158137482452187,1.2158137482452187,1.2158137482452187
28000,MS,NA,NA,NA,NA,NA,NA,NA,NA,NA,NA,NA,NA,NA,NA,NA,NA,NA,NA,NA,NA,NA,NA,NA,NA,2.3460523772889914,2.3460523772889914,2.3460523772889914,2.3460523772889914,2.3460523772889914,2.3460523772889914,2.3460523772889914,2.3460523772889914,2.3460523772889914,2.3460523772889914,2.3460523772889914,2.3460523772889914,2.3460523772889914,2.350485891124348,2.350485891124348,2.350485891124348,2.350485891124348,2.350485891124348,2.3049081170646644,2.3049081170646644,2.3049081170646644,2.3049081170646644,1.281390559588771,1.281390559588771,1.281390559588771,1.281390559588771,1.281390559588771,1.0336783683089086,1.0336783683089086,1.0336783683089086,1.0336783683089086,1.0336783683089086,1.0336783683089086,1.0336783683089086,1.0336783683089086,1.0336783683089086,1.0336783683089086,1.0336783683089086,1.0336783683089086,1.0336783683089086,1.0336783683089086,1.0336783683089086,1.0336783683089086,1.0336783683089086,1.0336783683089086,1.0336783683089086,1.0336783683089086,1.0336783683089086,1.0336783683089086,1.0336783683089086,1.0336783683089086,1.0336783683089086,1.0336783683089086,1.0336783683089086,1.0336783683089086,1.0336783683089086,1.0336783683089086,1.0336783683089086,1.0336783683089086,1.0336783683089086,1.0336783683089086,1.0336783683089086,1.0336783683089086,1.0336783683089086,1.0336783683089086,1.0336783683089086,1.0336783683089086,1.0336783683089086
29000,MO,NA,NA,NA,NA,NA,NA,NA,NA,NA,NA,NA,NA,NA,NA,NA,NA,NA,NA,NA,NA,NA,NA,NA,NA,2.4883311369207832,2.4883311369207832,2.4883311369207832,2.4883311369207832,2.4883311369207832,2.4883311369207832,2.4883311369207832,2.4883311369207832,2.4883311369207832,2.4883311369207832,2.4883311369207832,2.4883311369207832,2.4883311369207832,2.4930865263099515,2.4930865263099515,2.4930865263099515,2.4930865263099515,2.4930865263099515,2.444232468389928,2.444232468389928,2.444232468389928,1.359581751749036,1.359581751749036,1.1116717677962809,1.1116717677962809,1.1116717677962809,1.1116717677962809,1.1116717677962809,1.1116717677962809,1.1116717677962809,1.1116717677962809,1.1116717677962809,1.1116717677962809,1.1116717677962809,1.1116717677962809,1.1116717677962809,1.1116717677962809,1.1116717677962809,1.1116717677962809,1.1116717677962809,1.1116717677962809,1.1116717677962809,1.1116717677962809,1.1116717677962809,1.1116717677962809,1.1116717677962809,1.1116717677962809,1.1116717677962809,1.1116717677962809,1.1116717677962809,1.1116717677962809,1.1116717677962809,1.1116717677962809,1.1116717677962809,1.1116717677962809,1.1116717677962809,1.1116717677962809,1.1116717677962809,1.1116717677962809,1.1116717677962809,1.1116717677962809,1.1116717677962809,1.1116717677962809,1.1116717677962809,1.1116717677962809,1.1116717677962809,1.1116717677962809,1.1116717677962809
30000,MT,NA,NA,NA,NA,NA,NA,NA,NA,NA,NA,NA,NA,NA,NA,NA,NA,NA,NA,NA,NA,NA,NA,NA,NA,NA,NA,NA,NA,NA,NA,NA,NA,NA,NA,NA,NA,NA,NA,NA,NA,NA,NA,NA,NA,NA,1.4869012477889851,1.4021104681575625,1.4021104681575625,1.4021104681575625,1.4021104681575625,1.4021104681575625,1.4021104681575625,1.4021104681575625,1.4021104681575625,0.8376456907857224,0.8376456907857224,0.8376456907857224,0.8376456907857224,0.8376456907857224,0.8376456907857224,0.8376456907857224,0.8376456907857224,0.8376456907857224,0.8376456907857224,0.8376456907857224,0.8376456907857224,0.8376456907857224,0.8376456907857224,0.8376456907857224,0.8376456907857224,0.8376456907857224,0.8376456907857224,0.8376456907857224,0.8376456907857224,0.8376456907857224,0.8376456907857224,0.8376456907857224,0.8376456907857224,0.8376456907857224,0.8376456907857224,0.8376456907857224,0.8376456907857224,0.8376456907857224,0.8376456907857224,0.8376456907857224,0.8376456907857224,0.8376456907857224,0.8376456907857224,0.8376456907857224,0.8376456907857224,0.8376456907857224,0.8376456907857224
31000,NE,NA,NA,NA,NA,NA,NA,NA,NA,NA,NA,NA,NA,NA,NA,NA,NA,NA,NA,NA,NA,NA,NA,NA,NA,NA,NA,NA,NA,NA,NA,NA,NA,NA,NA,NA,2.7170450474238588,2.7170450474238588,2.7223218183480067,2.7223218183480067,2.7223218183480067,2.7223218183480067,2.7223218183480067,2.668706349889723,2.668706349889723,2.668706349889723,1.2583210157040714,1.2583210157040714,1.2583210157040714,1.2583210157040714,1.2583210157040714,1.2583210157040714,1.2583210157040714,1.2583210157040714,1.2583210157040714,1.2583210157040714,1.2583210157040714,1.2583210157040714,1.2583210157040714,1.2583210157040714,1.2583210157040714,1.2583210157040714,1.2583210157040714,1.2583210157040714,1.2583210157040714,1.2583210157040714,1.2583210157040714,1.2583210157040714,1.2583210157040714,1.2583210157040714,1.2583210157040714,1.2583210157040714,1.2583210157040714,1.2583210157040714,1.2583210157040714,1.2583210157040714,1.2583210157040714,1.2583210157040714,1.2583210157040714,1.2583210157040714,1.2583210157040714,1.2583210157040714,1.2583210157040714,1.2583210157040714,1.2583210157040714,1.2583210157040714,1.2583210157040714,1.2583210157040714,1.2583210157040714,1.2583210157040714,1.2583210157040714,1.2583210157040714,1.2583210157040714
32000,NV,NA,NA,NA,NA,NA,NA,NA,NA,NA,NA,NA,NA,NA,NA,NA,NA,NA,NA,NA,NA,NA,NA,NA,2.0158343312945477,2.0158343312945477,2.0158343312945477,2.0158343312945477,2.0158343312945477,2.0158343312945477,2.0158343312945477,2.0158343312945477,2.0158343312945477,2.0158343312945477,2.0158343312945477,2.0158343312945477,2.0158343312945477,2.0158343312945477,2.0193799579472733,2.0193799579472733,2.0193799579472733,2.0193799579472733,2.0193799579472733,1.0867372392560153,1.0867372392560153,1.0867372392560153,1.0867372392560153,1.0216162181823654,1.0216162181823654,1.0216162181823654,1.0216162181823654,1.0216162181823654,1.0216162181823654,1.0216162181823654,1.0216162181823654,1.0216162181823654,1.0216162181823654,1.0216162181823654,1.0216162181823654,1.0216162181823654,1.0216162181823654,1.0216162181823654,1.0216162181823654,1.0216162181823654,1.0216162181823654,1.0216162181823654,1.0216162181823654,1.0216162181823654,1.0216162181823654,1.0216162181823654,1.0216162181823654,1.0216162181823654,1.0216162181823654,1.0216162181823654,1.0216162181823654,1.0216162181823654,1.0216162181823654,1.0216162181823654,1.0216162181823654,1.0216162181823654,1.0216162181823654,1.0216162181823654,1.0216162181823654,1.0216162181823654,1.0216162181823654,1.0216162181823654,1.0216162181823654,1.0216162181823654,1.0216162181823654,1.0216162181823654,1.0216162181823654,1.0216162181823654,1.0216162181823654
33000,NH,NA,NA,NA,NA,NA,NA,NA,NA,NA,NA,NA,NA,NA,NA,NA,NA,NA,NA,NA,NA,NA,NA,NA,NA,NA,NA,NA,NA,NA,NA,NA,NA,NA,NA,NA,NA,NA,NA,NA,NA,NA,NA,NA,NA,NA,NA,NA,NA,NA,NA,NA,NA,NA,NA,NA,NA,NA,1.1594376497366576,1.1594376497366576,1.1594376497366576,1.1594376497366576,1.1594376497366576,1.1594376497366576,1.1594376497366576,1.1594376497366576,1.1594376497366576,1.1594376497366576,1.1594376497366576,1.1594376497366576,1.1594376497366576,1.1594376497366576,1.1594376497366576,1.1594376497366576,1.1594376497366576,1.1594376497366576,1.1594376497366576,1.1594376497366576,1.1594376497366576,1.1594376497366576,1.1594376497366576,1.1594376497366576,1.1594376497366576,1.1594376497366576,1.1594376497366576,1.1594376497366576,1.1594376497366576,1.1594376497366576,1.1594376497366576,1.1594376497366576,1.1594376497366576,1.1594376497366576,1.1594376497366576
34000,NJ,NA,NA,NA,NA,NA,NA,NA,NA,NA,NA,NA,NA,NA,NA,NA,NA,NA,4.095883888555137,4.095883888555137,4.095883888555137,4.095883888555137,4.095883888555137,4.095883888555137,4.095883888555137,4.095883888555137,4.095883888555137,4.095883888555137,4.095883888555137,4.095883888555137,4.095883888555137,4.095883888555137,4.095883888555137,4.095883888555137,4.095883888555137,4.095883888555137,4.095883888555137,4.095883888555137,4.102751466587479,4.102751466587479,4.102751466587479,4.102751466587479,4.102751466587479,3.3425132161440185,3.3425132161440185,1.8155151390973687,1.8155151390973687,1.8155151390973687,1.2547451184650251,1.2547451184650251,1.2547451184650251,1.2547451184650251,1.2547451184650251,1.2547451184650251,1.2547451184650251,1.2547451184650251,1.2547451184650251,1.2547451184650251,1.2547451184650251,1.2547451184650251,1.2547451184650251,1.2547451184650251,1.2547451184650251,1.2547451184650251,1.2547451184650251,1.2547451184650251,1.2547451184650251,1.2547451184650251,1.2547451184650251,1.2547451184650251,1.2547451184650251,1.2547451184650251,1.2547451184650251,1.2547451184650251,1.2547451184650251,1.2547451184650251,1.2547451184650251,1.2547451184650251,1.2547451184650251,1.2547451184650251,1.2547451184650251,1.2547451184650251,1.2547451184650251,1.2547451184650251,1.2547451184650251,1.2547451184650251,1.2547451184650251,1.2547451184650251,1.2547451184650251,1.2547451184650251,1.2547451184650251,1.2547451184650251,1.2547451184650251
35000,NM,NA,NA,NA,NA,NA,NA,NA,NA,NA,NA,NA,NA,NA,NA,NA,NA,NA,NA,NA,NA,NA,NA,NA,NA,NA,NA,NA,NA,NA,NA,3.8640150059764915,3.8640150059764915,3.8640150059764915,3.8640150059764915,3.8640150059764915,3.8640150059764915,3.8640150059764915,3.870840404844072,3.870840404844072,3.870840404844072,3.870840404844072,3.870840404844072,2.116589345511441,2.116589345511441,1.7132570255712198,1.7132570255712198,1.7132570255712198,1.7132570255712198,1.7132570255712198,1.7132570255712198,1.1835937613532683,1.1835937613532683,1.1835937613532683,1.1835937613532683,1.1835937613532683,1.1835937613532683,1.1835937613532683,1.1835937613532683,1.1835937613532683,1.1835937613532683,1.1835937613532683,1.1835937613532683,1.1835937613532683,1.1835937613532683,1.1835937613532683,1.1835937613532683,1.1835937613532683,1.1835937613532683,1.1835937613532683,1.1835937613532683,1.1835937613532683,1.1835937613532683,1.1835937613532683,1.1835937613532683,1.1835937613532683,1.1835937613532683,1.1835937613532683,1.1835937613532683,1.1835937613532683,1.1835937613532683,1.1835937613532683,1.1835937613532683,1.1835937613532683,1.1835937613532683,1.1835937613532683,1.1835937613532683,1.1835937613532683,1.1835937613532683,1.1835937613532683,1.1835937613532683,1.1835937613532683,1.1835937613532683
36000,NY,NA,NA,NA,NA,NA,NA,NA,NA,NA,NA,NA,3.3387624203555024,3.3387624203555024,3.3387624203555024,3.3387624203555024,3.3387624203555024,3.3387624203555024,3.3387624203555024,3.3387624203555024,3.3387624203555024,3.3387624203555024,3.3387624203555024,3.3387624203555024,3.3387624203555024,3.3387624203555024,3.3387624203555024,3.3387624203555024,3.3387624203555024,3.3387624203555024,3.3387624203555024,3.3387624203555024,3.3387624203555024,3.3387624203555024,3.3387624203555024,3.3387624203555024,3.3387624203555024,3.3387624203555024,3.3445639922638914,3.3445639922638914,3.2157613756383547,3.2157613756383547,3.2157613756383547,2.7184280449223235,2.7184280449223235,1.4781985572988454,1.4781985572988454,1.4781985572988454,1.4781985572988454,1.0235070000786215,1.0235070000786215,1.0235070000786215,1.0235070000786215,1.0235070000786215,1.0235070000786215,1.0235070000786215,1.0235070000786215,1.0235070000786215,1.0235070000786215,1.0235070000786215,1.0235070000786215,1.0235070000786215,1.0235070000786215,1.0235070000786215,1.0235070000786215,1.0235070000786215,1.0235070000786215,1.0235070000786215,1.0235070000786215,1.0235070000786215,1.0235070000786215,1.0235070000786215,1.0235070000786215,1.0235070000786215,1.0235070000786215,1.0235070000786215,1.0235070000786215,1.0235070000786215,1.0235070000786215,1.0235070000786215,1.0235070000786215,1.0235070000786215,1.0235070000786215,1.0235070000786215,1.0235070000786215,1.0235070000786215,1.0235070000786215,1.0235070000786215,1.0235070000786215,1.0235070000786215,1.0235070000786215,1.0235070000786215,1.0235070000786215
37000,NC,NA,NA,NA,NA,NA,NA,NA,NA,NA,NA,NA,NA,NA,NA,NA,NA,NA,NA,NA,NA,NA,NA,NA,NA,NA,NA,NA,3.2409382781015164,3.2409382781015164,3.2409382781015164,3.2409382781015164,3.2409382781015164,3.2409382781015164,3.2409382781015164,3.2409382781015164,3.2409382781015164,3.2409382781015164,3.2469714238541463,3.1217698755474568,3.1217698755474568,3.1217698755474568,3.1217698755474568,1.6971045978477883,1.623190780932855,1.623190780932855,1.623190780932855,1.623190780932855,1.623190780932855,1.623190780932855,1.4337188939837182,1.4337188939837182,1.4337188939837182,1.4337188939837182,1.4337188939837182,1.4337188939837182,1.4337188939837182,0.9932936244595147,0.9932936244595147,0.9932936244595147,0.9932936244595147,0.9932936244595147,0.9932936244595147,0.9932936244595147,0.9932936244595147,0.9932936244595147,0.9932936244595147,0.9932936244595147,0.9932936244595147,0.9932936244595147,0.9932936244595147,0.9932936244595147,0.9932936244595147,0.9932936244595147,0.9932936244595147,0.9932936244595147,0.9932936244595147,0.9932936244595147,0.9932936244595147,0.9932936244595147,0.9932936244595147,0.9932936244595147,0.9932936244595147,0.9932936244595147,0.9932936244595147,0.9932936244595147,0.9932936244595147,0.9932936244595147,0.9932936244595147,0.9932936244595147,0.9932936244595147,0.9932936244595147,0.9932936244595147
38000,ND,NA,NA,NA,NA,NA,NA,NA,NA,NA,NA,NA,NA,NA,NA,NA,NA,NA,NA,NA,NA,NA,NA,NA,NA,NA,NA,NA,NA,NA,NA,NA,NA,NA,NA,NA,NA,NA,NA,NA,NA,NA,NA,NA,NA,NA,NA,NA,NA,0.8414779442433294,0.8414779442433294,0.8414779442433294,0.8414779442433294,0.8414779442433294,0.8414779442433294,0.8414779442433294,0.8414779442433294,0.8414779442433294,0.8414779442433294,0.8414779442433294,0.8414779442433294,0.8414779442433294,0.8414779442433294,0.8414779442433294,0.8414779442433294,0.8414779442433294,0.8414779442433294,0.8414779442433294,0.8414779442433294,0.8414779442433294,0.8414779442433294,0.8414779442433294,0.8414779442433294,0.8414779442433294,0.8414779442433294,0.8414779442433294,0.8414779442433294,0.8414779442433294,0.8414779442433294,0.8414779442433294,0.8414779442433294,0.8414779442433294,0.8414779442433294,0.8414779442433294,0.8414779442433294,0.8414779442433294,0.8414779442433294,0.8414779442433294,0.8414779442433294,0.8414779442433294,0.8414779442433294,0.8414779442433294,0.8414779442433294
39000,OH,NA,NA,NA,NA,NA,NA,NA,NA,NA,NA,NA,NA,NA,NA,NA,NA,NA,NA,NA,NA,NA,3.616516452956504,3.616516452956504,3.616516452956504,3.616516452956504,3.616516452956504,3.616516452956504,3.616516452956504,3.616516452956504,3.616516452956504,3.616516452956504,3.616516452956504,3.616516452956504,3.616516452956504,3.616516452956504,3.616516452956504,3.616516452956504,3.6227250622767477,3.6227250622767477,3.6227250622767477,3.6227250622767477,3.054547462968748,2.9978896956306897,1.625706105474781,1.625706105474781,1.625706105474781,1.625706105474781,1.625706105474781,1.6004662411452029,1.108091549410997,1.108091549410997,1.108091549410997,1.108091549410997,1.108091549410997,1.108091549410997,1.108091549410997,1.108091549410997,1.108091549410997,1.108091549410997,1.108091549410997,1.108091549410997,1.108091549410997,1.108091549410997,1.108091549410997,1.108091549410997,1.108091549410997,1.108091549410997,1.108091549410997,1.108091549410997,1.108091549410997,1.108091549410997,1.108091549410997,1.108091549410997,1.108091549410997,1.108091549410997,1.108091549410997,1.108091549410997,1.108091549410997,1.108091549410997,1.108091549410997,1.108091549410997,1.108091549410997,1.108091549410997,1.108091549410997,1.108091549410997,1.108091549410997,1.108091549410997,1.108091549410997,1.108091549410997,1.108091549410997,1.108091549410997,1.108091549410997
40000,OK,NA,NA,NA,NA,NA,NA,NA,NA,NA,NA,NA,NA,NA,NA,NA,NA,NA,NA,NA,NA,NA,NA,2.0323525543716427,2.0323525543716427,2.0323525543716427,2.0323525543716427,2.0323525543716427,2.0323525543716427,2.0323525543716427,2.0323525543716427,2.0323525543716427,2.0323525543716427,2.0323525543716427,2.0323525543716427,2.0323525543716427,2.0323525543716427,2.0323525543716427,2.0359761766496707,2.0359761766496707,2.0359761766496707,2.0359761766496707,2.0359761766496707,1.9976059060353892,1.087719727051359,1.087719727051359,1.087719727051359,1.087719727051359,1.087719727051359,1.087719727051359,1.087719727051359,1.087719727051359,1.087719727051359,1.087719727051359,1.087719727051359,1.087719727051359,1.087719727051359,1.087719727051359,1.087719727051359,1.087719727051359,1.087719727051359,1.087719727051359,1.087719727051359,1.087719727051359,1.087719727051359,1.087719727051359,1.087719727051359,1.087719727051359,1.087719727051359,1.087719727051359,1.087719727051359,1.087719727051359,1.087719727051359,1.087719727051359,1.087719727051359,1.087719727051359,1.087719727051359,1.087719727051359,1.087719727051359,1.087719727051359,1.087719727051359,1.087719727051359,1.087719727051359,1.087719727051359,1.087719727051359,1.087719727051359,1.087719727051359,1.087719727051359,1.087719727051359,1.087719727051359,1.087719727051359,1.087719727051359,1.087719727051359
41000,OR,NA,NA,NA,NA,NA,NA,NA,NA,NA,NA,NA,NA,NA,NA,NA,NA,NA,NA,NA,NA,NA,2.7268653095384967,2.7268653095384967,2.7268653095384967,2.7268653095384967,2.7268653095384967,2.7268653095384967,2.7268653095384967,2.7268653095384967,2.7268653095384967,2.7268653095384967,2.7268653095384967,2.7268653095384967,2.7268653095384967,2.7268653095384967,2.7268653095384967,2.7268653095384967,2.7321200564140105,2.7321200564140105,2.7321200564140105,2.7321200564140105,2.7321200564140105,1.2857711242336551,1.2077437090035823,1.2077437090035823,1.2077437090035823,1.2077437090035823,1.2077437090035823,1.2077437090035823,0.8361356796735813,0.8361356796735813,0.8361356796735813,0.8361356796735813,0.8361356796735813,0.8361356796735813,0.8361356796735813,0.8361356796735813,0.8361356796735813,0.8361356796735813,0.8361356796735813,0.8361356796735813,0.8361356796735813,0.8361356796735813,0.8361356796735813,0.8361356796735813,0.8361356796735813,0.8361356796735813,0.8361356796735813,0.8361356796735813,0.8361356796735813,0.8361356796735813,0.8361356796735813,0.8361356796735813,0.8361356796735813,0.8361356796735813,0.8361356796735813,0.8361356796735813,0.8361356796735813,0.8361356796735813,0.8361356796735813,0.8361356796735813,0.8361356796735813,0.8361356796735813,0.8361356796735813,0.8361356796735813,0.8361356796735813,0.8361356796735813,0.8361356796735813,0.8361356796735813,0.8361356796735813,0.8361356796735813,0.8361356796735813
42000,PA,NA,NA,NA,NA,NA,NA,NA,NA,NA,NA,NA,NA,NA,NA,NA,NA,NA,NA,NA,NA,NA,3.1888261846034713,3.1888261846034713,3.1888261846034713,3.1888261846034713,3.1888261846034713,3.1888261846034713,3.1888261846034713,3.1888261846034713,3.1888261846034713,3.1888261846034713,3.1888261846034713,3.1888261846034713,3.1888261846034713,3.1888261846034713,3.1888261846034713,3.1888261846034713,3.1947600839736383,3.1947600839736383,3.1947600839736383,3.1947600839736383,3.1947600839736383,1.742646494756365,1.6354947120695855,1.6354947120695855,1.6354947120695855,1.6354947120695855,1.6354947120695855,1.6354947120695855,1.402893245603326,1.402893245603326,1.402893245603326,1.402893245603326,1.402893245603326,1.402893245603326,1.402893245603326,1.402893245603326,1.402893245603326,1.402893245603326,1.402893245603326,1.402893245603326,1.402893245603326,1.402893245603326,1.402893245603326,1.402893245603326,1.402893245603326,1.402893245603326,1.402893245603326,1.402893245603326,1.402893245603326,1.402893245603326,1.402893245603326,1.402893245603326,1.402893245603326,1.402893245603326,1.402893245603326,1.402893245603326,1.402893245603326,1.402893245603326,1.402893245603326,1.402893245603326,1.402893245603326,1.402893245603326,1.402893245603326,1.402893245603326,1.402893245603326,1.402893245603326,1.402893245603326,1.402893245603326,1.402893245603326,1.402893245603326,1.402893245603326
44000,RI,NA,NA,NA,NA,NA,NA,NA,NA,NA,NA,NA,NA,NA,NA,NA,NA,NA,NA,NA,NA,NA,NA,NA,NA,NA,NA,NA,NA,NA,NA,NA,NA,NA,NA,NA,NA,NA,NA,NA,NA,NA,NA,NA,NA,NA,NA,NA,NA,NA,NA,NA,NA,NA,NA,NA,NA,NA,NA,NA,NA,NA,NA,0.9998964933533208,0.9998964933533208,0.9998964933533208,0.9998964933533208,0.9998964933533208,0.9998964933533208,0.9998964933533208,0.9998964933533208,0.9998964933533208,0.9998964933533208,0.9998964933533208,0.9998964933533208,0.9998964933533208,0.9998964933533208,0.9998964933533208,0.9998964933533208,0.9998964933533208,0.9998964933533208,0.9998964933533208,0.9998964933533208,0.9998964933533208,0.9998964933533208,0.9998964933533208,0.9998964933533208,0.9998964933533208,0.9998964933533208,0.9998964933533208,0.9998964933533208,0.9998964933533208,0.9998964933533208
45000,SC,NA,NA,NA,NA,NA,NA,NA,NA,NA,NA,NA,NA,NA,NA,NA,NA,NA,NA,NA,NA,NA,NA,NA,2.641486022208444,2.641486022208444,2.641486022208444,2.641486022208444,2.641486022208444,2.641486022208444,2.641486022208444,2.641486022208444,2.641486022208444,2.641486022208444,2.641486022208444,2.641486022208444,2.641486022208444,2.641486022208444,2.646300969093994,2.646300969093994,2.646300969093994,2.646300969093994,2.646300969093994,1.440631364213712,1.440631364213712,1.1781757921268818,1.1781757921268818,1.1781757921268818,1.1781757921268818,1.1781757921268818,1.1781757921268818,1.1781757921268818,1.1781757921268818,1.1781757921268818,1.1781757921268818,1.1781757921268818,1.1781757921268818,1.1781757921268818,1.1781757921268818,1.1781757921268818,1.1781757921268818,1.1781757921268818,1.1781757921268818,1.1781757921268818,1.1781757921268818,1.1781757921268818,1.1781757921268818,1.1781757921268818,1.1781757921268818,1.1781757921268818,1.1781757921268818,1.1781757921268818,1.1781757921268818,1.1781757921268818,1.1781757921268818,1.1781757921268818,1.1781757921268818,1.1781757921268818,1.1781757921268818,1.1781757921268818,1.1781757921268818,1.1781757921268818,1.1781757921268818,1.1781757921268818,1.1781757921268818,1.1781757921268818,1.1781757921268818,1.1781757921268818,1.1781757921268818,1.1781757921268818,1.1781757921268818,1.1781757921268818,1.1781757921268818
46000,SD,NA,NA,NA,NA,NA,NA,NA,NA,NA,NA,NA,NA,NA,NA,NA,NA,NA,NA,NA,NA,NA,NA,NA,NA,NA,NA,NA,NA,NA,NA,NA,NA,NA,NA,NA,NA,NA,NA,NA,NA,NA,NA,NA,NA,NA,NA,NA,NA,NA,NA,NA,1.0291236449438157,1.0291236449438157,1.0291236449438157,1.0291236449438157,1.0291236449438157,1.0291236449438157,1.0291236449438157,1.0291236449438157,1.0291236449438157,1.0291236449438157,1.0291236449438157,1.0291236449438157,1.0291236449438157,1.0291236449438157,1.0291236449438157,1.0291236449438157,1.0291236449438157,1.0291236449438157,1.0291236449438157,1.0291236449438157,1.0291236449438157,1.0291236449438157,1.0291236449438157,1.0291236449438157,1.0291236449438157,1.0291236449438157,1.0291236449438157,1.0291236449438157,1.0291236449438157,1.0291236449438157,1.0291236449438157,1.0291236449438157,1.0291236449438157,1.0291236449438157,1.0291236449438157,1.0291236449438157,1.0291236449438157,1.0291236449438157,1.0291236449438157,1.0291236449438157,1.0291236449438157
47000,TN,NA,NA,NA,NA,NA,NA,NA,NA,NA,NA,NA,NA,NA,NA,NA,NA,NA,NA,NA,NA,NA,NA,NA,NA,NA,NA,2.0436182226763773,2.0436182226763773,2.0436182226763773,2.0436182226763773,2.0436182226763773,2.0436182226763773,2.0436182226763773,2.0436182226763773,2.0436182226763773,2.0436182226763773,2.0436182226763773,2.047018288921007,2.047018288921007,2.047018288921007,2.047018288921007,2.047018288921007,2.0062733419459704,2.0062733419459704,2.0062733419459704,2.0062733419459704,1.1166479616807587,1.1166479616807587,1.1166479616807587,1.0485573444625145,1.0485573444625145,0.9026958752408972,0.9026958752408972,0.9026958752408972,0.9026958752408972,0.9026958752408972,0.9026958752408972,0.6268223808931321,0.6268223808931321,0.6268223808931321,0.6268223808931321,0.6268223808931321,0.6268223808931321,0.6268223808931321,0.6268223808931321,0.6268223808931321,0.6268223808931321,0.6268223808931321,0.6268223808931321,0.6268223808931321,0.6268223808931321,0.6268223808931321,0.6268223808931321,0.6268223808931321,0.6268223808931321,0.6268223808931321,0.6268223808931321,0.6268223808931321,0.6268223808931321,0.6268223808931321,0.6268223808931321,0.6268223808931321,0.6268223808931321,0.6268223808931321,0.6268223808931321,0.6268223808931321,0.6268223808931321,0.6268223808931321,0.6268223808931321,0.6268223808931321,0.6268223808931321,0.6268223808931321
48000,TX,NA,NA,NA,NA,NA,NA,NA,NA,NA,NA,NA,NA,NA,NA,NA,NA,NA,NA,NA,2.383135031218252,2.383135031218252,2.383135031218252,2.383135031218252,2.383135031218252,2.383135031218252,2.383135031218252,2.383135031218252,2.383135031218252,2.383135031218252,2.383135031218252,2.383135031218252,2.383135031218252,2.383135031218252,2.383135031218252,2.383135031218252,2.383135031218252,2.383135031218252,2.3875445463081784,2.3875445463081784,2.3875445463081784,2.29048364871874,2.29048364871874,2.246096025251896,2.246096025251896,2.246096025251896,2.1314607212589265,2.1314607212589265,1.931891744641916,1.931891744641916,1.0495249736333818,1.0495249736333818,1.0495249736333818,1.0495249736333818,1.0495249736333818,1.0495249736333818,1.0495249736333818,1.0495249736333818,1.0495249736333818,1.0495249736333818,1.0495249736333818,1.0495249736333818,1.0495249736333818,1.0495249736333818,1.0495249736333818,1.0495249736333818,1.0495249736333818,1.0495249736333818,1.0495249736333818,1.0495249736333818,1.0495249736333818,1.0495249736333818,1.0495249736333818,1.0495249736333818,1.0495249736333818,1.0495249736333818,1.0495249736333818,1.0495249736333818,1.0495249736333818,1.0495249736333818,1.0495249736333818,1.0495249736333818,1.0495249736333818,1.0495249736333818,1.0495249736333818,1.0495249736333818,1.0495249736333818,1.0495249736333818,1.0495249736333818,1.0495249736333818,1.0495249736333818,1.0495249736333818,1.0495249736333818
49000,UT,NA,NA,NA,NA,NA,NA,NA,NA,NA,NA,NA,NA,NA,NA,NA,NA,NA,NA,NA,NA,NA,NA,NA,NA,NA,NA,NA,NA,NA,NA,NA,NA,NA,2.1007900107714126,2.1007900107714126,2.1007900107714126,2.1007900107714126,2.104122804427194,2.020372276481909,2.020372276481909,2.020372276481909,2.020372276481909,1.0846537781210592,1.0846537781210592,1.0185343795359472,1.0185343795359472,1.0185343795359472,1.0185343795359472,1.0185343795359472,1.0185343795359472,1.0185343795359472,1.0185343795359472,1.0185343795359472,1.0185343795359472,1.0185343795359472,1.0185343795359472,1.0185343795359472,1.0185343795359472,1.0185343795359472,1.0185343795359472,1.0185343795359472,1.0185343795359472,1.0185343795359472,1.0185343795359472,1.0185343795359472,1.0185343795359472,1.0185343795359472,1.0185343795359472,1.0185343795359472,1.0185343795359472,1.0185343795359472,1.0185343795359472,1.0185343795359472,1.0185343795359472,1.0185343795359472,1.0185343795359472,1.0185343795359472,1.0185343795359472,1.0185343795359472,1.0185343795359472,1.0185343795359472,1.0185343795359472,1.0185343795359472,1.0185343795359472,1.0185343795359472,1.0185343795359472,1.0185343795359472,1.0185343795359472,1.0185343795359472,1.0185343795359472,1.0185343795359472,1.0185343795359472
50000,VT,NA,NA,NA,NA,NA,NA,NA,NA,NA,NA,NA,NA,NA,NA,NA,NA,NA,NA,NA,NA,NA,NA,NA,NA,NA,NA,2.9917927325603118,2.9917927325603118,2.9917927325603118,2.9917927325603118,2.9917927325603118,2.9917927325603118,2.9917927325603118,2.9917927325603118,2.9917927325603118,2.9917927325603118,2.9917927325603118,2.997425191390127,2.997425191390127,2.997425191390127,2.997425191390127,2.997425191390127,2.941621899059564,2.8376959971806563,1.5623197593441598,1.5623197593441598,1.5623197593441598,1.5623197593441598,1.5623197593441598,1.5358003162268816,1.5358003162268816,0.9164445822605934,0.9164445822605934,0.9164445822605934,0.9164445822605934,0.9164445822605934,0.9164445822605934,0.9164445822605934,0.9164445822605934,0.9164445822605934,0.9164445822605934,0.9164445822605934,0.9164445822605934,0.9164445822605934,0.9164445822605934,0.9164445822605934,0.9164445822605934,0.9164445822605934,0.9164445822605934,0.9164445822605934,0.9164445822605934,0.9164445822605934,0.9164445822605934,0.9164445822605934,0.9164445822605934,0.9164445822605934,0.9164445822605934,0.9164445822605934,0.9164445822605934,0.9164445822605934,0.9164445822605934,0.9164445822605934,0.9164445822605934,0.9164445822605934,0.9164445822605934,0.9164445822605934,0.9164445822605934,0.9164445822605934,0.9164445822605934,0.9164445822605934,0.9164445822605934,0.9164445822605934
51000,VA,NA,NA,NA,NA,NA,NA,NA,NA,NA,NA,NA,NA,NA,NA,NA,NA,NA,NA,NA,NA,NA,NA,4.639738926361298,4.639738926361298,4.639738926361298,4.639738926361298,4.639738926361298,4.639738926361298,4.639738926361298,4.639738926361298,4.639738926361298,4.639738926361298,4.639738926361298,4.639738926361298,4.639738926361298,4.639738926361298,4.639738926361298,4.647463305188111,4.647463305188111,4.647463305188111,4.647463305188111,4.647463305188111,2.493534407159648,2.493534407159648,2.493534407159648,2.493534407159648,2.493534407159648,2.493534407159648,2.493534407159648,2.382223218490478,2.054565391306057,2.054565391306057,2.054565391306057,2.054565391306057,2.054565391306057,2.054565391306057,1.421035960828261,1.421035960828261,1.421035960828261,1.421035960828261,1.421035960828261,1.421035960828261,1.421035960828261,1.421035960828261,1.421035960828261,1.421035960828261,1.421035960828261,1.421035960828261,1.421035960828261,1.421035960828261,1.421035960828261,1.421035960828261,1.421035960828261,1.421035960828261,1.421035960828261,1.421035960828261,1.421035960828261,1.421035960828261,1.421035960828261,1.421035960828261,1.421035960828261,1.421035960828261,1.421035960828261,1.421035960828261,1.421035960828261,1.421035960828261,1.421035960828261,1.421035960828261,1.421035960828261,1.421035960828261,1.421035960828261,1.421035960828261
53000,WA,1.9484712418108234,1.9484712418108234,1.9484712418108234,1.9484712418108234,1.9484712418108234,1.9484712418108234,1.9484712418108234,1.9484712418108234,1.9484712418108234,1.9484712418108234,1.9484712418108234,1.9484712418108234,1.9484712418108234,1.9484712418108234,1.9484712418108234,1.9484712418108234,1.9484712418108234,1.9484712418108234,1.9484712418108234,1.9484712418108234,1.9484712418108234,1.9484712418108234,1.9484712418108234,1.9484712418108234,1.9484712418108234,1.9484712418108234,1.9484712418108234,1.9484712418108234,1.9484712418108234,1.9484712418108234,1.9484712418108234,1.9484712418108234,1.9484712418108234,1.9484712418108234,1.9484712418108234,1.9484712418108234,1.9484712418108234,1.874237099097924,1.874237099097924,1.874237099097924,1.874237099097924,1.874237099097924,1.838490349496136,0.9586305992930476,0.9586305992930476,0.9586305992930476,0.9586305992930476,0.9586305992930476,0.9586305992930476,0.5974108330409721,0.5974108330409721,0.5974108330409721,0.5974108330409721,0.5974108330409721,0.5974108330409721,0.5974108330409721,0.5974108330409721,0.5974108330409721,0.5974108330409721,0.5974108330409721,0.5974108330409721,0.5974108330409721,0.5974108330409721,0.5974108330409721,0.5974108330409721,0.5974108330409721,0.5974108330409721,0.5974108330409721,0.5974108330409721,0.5974108330409721,0.5974108330409721,0.5974108330409721,0.5974108330409721,0.5974108330409721,0.5974108330409721,0.5974108330409721,0.5974108330409721,0.5974108330409721,0.5974108330409721,0.5974108330409721,0.5974108330409721,0.5974108330409721,0.5974108330409721,0.5974108330409721,0.5974108330409721,0.5974108330409721,0.5974108330409721,0.5974108330409721,0.5974108330409721,0.5974108330409721,0.5974108330409721,0.5974108330409721
54000,WV,NA,NA,NA,NA,NA,NA,NA,NA,NA,NA,NA,NA,NA,NA,NA,NA,NA,NA,NA,NA,NA,NA,NA,NA,NA,NA,NA,NA,NA,NA,NA,NA,NA,NA,NA,NA,NA,NA,NA,NA,NA,NA,NA,NA,NA,NA,NA,NA,NA,NA,0.908588858434912,0.908588858434912,0.908588858434912,0.908588858434912,0.908588858434912,0.908588858434912,0.908588858434912,0.908588858434912,0.908588858434912,0.908588858434912,0.908588858434912,0.908588858434912,0.908588858434912,0.908588858434912,0.908588858434912,0.908588858434912,0.908588858434912,0.908588858434912,0.908588858434912,0.908588858434912,0.908588858434912,0.908588858434912,0.908588858434912,0.908588858434912,0.908588858434912,0.908588858434912,0.908588858434912,0.908588858434912,0.908588858434912,0.908588858434912,0.908588858434912,0.908588858434912,0.908588858434912,0.908588858434912,0.908588858434912,0.908588858434912,0.908588858434912,0.908588858434912,0.908588858434912,0.908588858434912,0.908588858434912,0.908588858434912
55000,WI,NA,NA,NA,NA,NA,NA,NA,NA,NA,NA,NA,NA,NA,NA,NA,NA,NA,NA,NA,NA,NA,NA,2.692309819823548,2.692309819823548,2.692309819823548,2.692309819823548,2.692309819823548,2.692309819823548,2.692309819823548,2.692309819823548,2.692309819823548,2.692309819823548,2.692309819823548,2.692309819823548,2.692309819823548,2.692309819823548,2.692309819823548,2.6971616492605404,2.6971616492605404,2.6971616492605404,2.6971616492605404,2.6971616492605404,2.6458117236376792,2.197738136734421,1.1916492351960415,1.1916492351960415,1.1916492351960415,1.1916492351960415,1.1916492351960415,1.1916492351960415,1.1916492351960415,0.8255533634528075,0.8255533634528075,0.8255533634528075,0.8255533634528075,0.8255533634528075,0.8255533634528075,0.8255533634528075,0.8255533634528075,0.8255533634528075,0.8255533634528075,0.8255533634528075,0.8255533634528075,0.8255533634528075,0.8255533634528075,0.8255533634528075,0.8255533634528075,0.8255533634528075,0.8255533634528075,0.8255533634528075,0.8255533634528075,0.8255533634528075,0.8255533634528075,0.8255533634528075,0.8255533634528075,0.8255533634528075,0.8255533634528075,0.8255533634528075,0.8255533634528075,0.8255533634528075,0.8255533634528075,0.8255533634528075,0.8255533634528075,0.8255533634528075,0.8255533634528075,0.8255533634528075,0.8255533634528075,0.8255533634528075,0.8255533634528075,0.8255533634528075,0.8255533634528075,0.8255533634528075
56000,WY,NA,NA,NA,NA,NA,NA,NA,NA,NA,NA,NA,NA,NA,NA,NA,NA,NA,NA,NA,NA,NA,NA,NA,NA,NA,NA,NA,NA,NA,NA,NA,NA,NA,NA,NA,NA,NA,NA,NA,NA,NA,NA,NA,NA,NA,NA,NA,NA,NA,NA,NA,NA,NA,NA,NA,NA,NA,NA,NA,NA,NA,NA,1.0459639511341183,1.0459639511341183,1.0459639511341183,1.0459639511341183,1.0459639511341183,1.0459639511341183,1.0459639511341183,1.0459639511341183,1.0459639511341183,1.0459639511341183,1.0459639511341183,1.0459639511341183,1.0459639511341183,1.0459639511341183,1.0459639511341183,1.0459639511341183,1.0459639511341183,1.0459639511341183,1.0459639511341183,1.0459639511341183,1.0459639511341183,1.0459639511341183,1.0459639511341183,1.0459639511341183,1.0459639511341183,1.0459639511341183,1.0459639511341183,1.0459639511341183,1.0459639511341183,1.0459639511341183
72000,PR,NA,NA,NA,NA,NA,NA,NA,NA,NA,NA,NA,NA,NA,NA,NA,NA,NA,NA,NA,NA,NA,NA,NA,NA,NA,NA,NA,NA,NA,NA,NA,NA,NA,NA,NA,NA,NA,NA,NA,NA,NA,NA,NA,NA,NA,NA,NA,NA,NA,NA,NA,NA,NA,NA,NA,NA,NA,NA,NA,NA,NA,NA,NA,NA,NA,NA,NA,NA,NA,NA,NA,NA,NA,NA,NA,NA,NA,NA,NA,NA,NA,NA,NA,NA,NA,NA,NA,NA,NA,NA,NA,NA
