State,"Active Physicians per 100,000 Population, 2018 (AAMC)","Total Active Patient Care Physicians per 100,000 Population, 2018 (AAMC)","Active Primary Care Physicians per 100,000 Population, 2018 (AAMC)","Active Patient Care Primary Care Physicians per 100,000 Population, 2018 (AAMC)","Active General Surgeons per 100,000 Population, 2018 (AAMC)","Active Patient Care General Surgeons per 100,000 Population, 2018 (AAMC)","Percentage of Active Physicians Who Are Female, 2018 (AAMC)","Percentage of Active Physicians Who Are International Medical Graduates (IMGs), 2018 (AAMC)","Percentage of Active Physicians Who Are Age 60 or Older, 2018 (AAMC)","MD and DO Student Enrollment per 100,000 Population, AY 2018-2019 (AAMC)","Student Enrollment at Public MD and DO Schools per 100,000 Population, AY 2018-2019 (AAMC)","Percentage Change in Student Enrollment at MD and DO Schools, 2008-2018 (AAMC)","Percentage of MD Students Matriculating In-State, AY 2018-2019 (AAMC)","Total Residents/Fellows in ACGME Programs per 100,000 Population as of December 31, 2018 (AAMC)","Total Residents/Fellows in Primary Care ACGME Programs per 100,000 Population as of Dec. 31, 2018 (AAMC)","Percentage of Residents in ACGME Programs Who Are IMGs as of December 31, 2018 (AAMC)","Ratio of Residents and Fellows (GME) to Medical Students (UME), AY 2017-2018 (AAMC)","Percent Change in Residents and Fellows in ACGME-Accredited Programs, 2008-2018 (AAMC)","Percentage of Physicians Retained in State from Undergraduate Medical Education (UME), 2018 (AAMC)",All Specialties (AAMC),Allergy & Immunology (AAMC),Anatomic/Clinical Pathology (AAMC),Anesthesiology (AAMC),Cardiovascular Disease (AAMC),Child & Adolescent Psychiatry** (AAMC),Critical Care Medicine (AAMC),Dermatology (AAMC),Emergency Medicine (AAMC),"Endocrinology, Diabetes & Metabolism (AAMC)",Family Medicine/General Practice (AAMC),Gastroenterology (AAMC),General Surgery (AAMC),Geriatric Medicine*** (AAMC),Hematology & Oncology (AAMC),Infectious Disease (AAMC),Internal Medicine (AAMC),Internal Medicine/Pediatrics (AAMC),Interventional Cardiology (AAMC),Neonatal-Perinatal Medicine (AAMC),Nephrology (AAMC),Neurological Surgery (AAMC),Neurology (AAMC),Neuroradiology (AAMC),Obstetrics & Gynecology (AAMC),Ophthalmology (AAMC),Orthopedic Surgery (AAMC),Otolaryngology (AAMC),Pain Medicine & Pain Management (AAMC),Pediatrics** (AAMC),Physical Medicine & Rehabilitation (AAMC),Plastic Surgery (AAMC),Preventive Medicine (AAMC),Psychiatry (AAMC),Pulmonary Disease (AAMC),Radiation Oncology (AAMC),Radiology & Diagnostic Radiology (AAMC),Rheumatology (AAMC),Sports Medicine (AAMC),Thoracic Surgery (AAMC),Urology (AAMC),Vascular & Interventional Radiology (AAMC),Vascular Surgery (AAMC),State/Local Government hospital beds per 1000 people (2019),Non-profit hospital beds per 1000 people (2019),For-profit hospital beds per 1000 people (2019),Total hospital beds per 1000 people (2019),Total nurses (2019),Total physical assistants (2019),Total Hospitals (2019),Internal Medicine specialists (2019),Family Medicine/General Practice specialists (2019),Pediatrics specialists (2019),Obstetrics & Gynecology specialists (2019),Geriatrics specialists (2019),Total Primary Care specialists (2019),Psychiatry specialists (2019),Surgery specialists (2019),Anesthesiology specialists (2019),Emergency Medicine specialists (2019),Radiology specialists (2019),Cardiology specialists (2019),Oncology (Cancer) specialists (2019),"Endocrinology, Diabetes, and Metabolism specialists (2019)",All Other Specialties specialists (2019),Total specialists (2019)
AL,217.1,196.7,77.2,71.2,7.6,6.9,28.5%,18.1%,34.4%,49.1,22.8,136.8%,82.1%,29.9,11.9,21.9%,0.6,18.4%,48.4%,"10,614",44.0,142,477,292,87,124,133,401,70.0,"1,578",182,372,42.0,157,88,"1,371",66.0,65.0,56.0,141,70.0,177,44.0,531,212,291,171,48.0,708,96,74,63.0,318,74.0,72.0,351,79.0,35.0,64.0,148,30.0,40.0,,,,,,,,,,,,,,,,,,,,,,,
AK,276.9,256.7,112.8,105.6,9.6,8.5,38.0%,6.1%,31.5%,,,,,5.0,4.7,2.7%,,2.8%,,"2,042",,19,97,33,27,16,19,136,,523,19,71,,22,,161,15.0,,12.0,10,13.0,17,,99,30,75,31,16.0,126,12,12,22.0,74,,13.0,56,,,,19,,,1.4,0.8,0.9,3.1,2537.0,535.0,101.0,2285.0,1868.0,1030.0,671.0,9.0,5863.0,506.0,754.0,602.0,465.0,674.0,410.0,241.0,71.0,2619.0,6342.0
AZ,242.0,224.0,78.1,73.2,6.9,6.1,32.6%,24.8%,32.1%,31.7,11.7,54.7%,49.1%,25.8,9.5,19.0%,0.8,37.8%,41.7%,"17,356",67.0,229,"1,061",410,161,238,243,917,119.0,"2,206",288,494,106.0,268,142,"2,156",100.0,103.0,80.0,222,107.0,286,85.0,765,301,372,152,134.0,"1,023",159,156,117.0,675,130.0,108.0,566,93.0,46.0,87.0,198,87.0,69.0,0.3,1.5,0.4,2.2,480.0,346.0,21.0,218.0,592.0,146.0,98.0,,1054.0,106.0,85.0,81.0,126.0,68.0,36.0,15.0,8.0,321.0,846.0
AR,207.6,188.2,79.9,75.0,7.0,6.5,27.9%,18.2%,33.3%,34.2,23.7,66.2%,93.0%,29.6,14.0,30.7%,0.8,25.8%,57.9%,"6,256",33.0,108,266,150,53,65,72,256,43.0,"1,394",95,210,55.0,87,36,496,77.0,47.0,37.0,74,65.0,82,26.0,277,127,152,72,35.0,384,64,33,20.0,220,27.0,33.0,207,39.0,13.0,41.0,67,28.0,11.0,0.1,1.3,0.5,1.9,3403.0,1940.0,83.0,3325.0,2689.0,1489.0,991.0,43.0,8537.0,875.0,979.0,1023.0,1093.0,876.0,530.0,264.0,102.0,3527.0,9269.0
CA,279.6,243.8,96.2,87.1,7.2,6.2,37.8%,24.0%,33.7%,19.8,8.8,27.5%,40.3%,29.4,10.6,10.7%,1.5,22.7%,62.8%,"110,603",595.0,"1,569","5,244","2,288","1,184","1,277","1,815","5,445",867.0,"13,588","1,681","2,849",615.0,"1,736","1,024","15,652",404.0,365.0,675.0,"1,236",653.0,"1,624",423.0,"5,113","2,487","2,274","1,189",627.0,"7,705","1,074","1,127",909.0,"5,693",589.0,587.0,"3,235",726.0,269.0,473.0,"1,091",399.0,410.0,0.3,2.2,0.7,3.2,1305.0,209.0,88.0,899.0,1685.0,619.0,301.0,9.0,3513.0,352.0,370.0,333.0,327.0,364.0,202.0,139.0,43.0,1507.0,3637.0
CO,285.7,262.5,95.4,88.9,7.8,7.1,38.8%,8.3%,29.5%,30.0,14.4,109.7%,31.5%,28.5,11.4,3.4%,0.9,40.3%,42.9%,"16,272",110.0,200,904,254,194,223,226,"1,074",110.0,"2,581",210,444,92.0,223,131,"1,717",69.0,54.0,81.0,142,111.0,214,71.0,760,285,381,184,64.0,958,202,117,196.0,599,90.0,73.0,464,99.0,65.0,57.0,158,69.0,43.0,0.3,1.2,0.3,1.8,15414.0,7917.0,359.0,22363.0,15198.0,10500.0,5956.0,118.0,54135.0,7288.0,5367.0,6098.0,6050.0,5012.0,3235.0,1898.0,822.0,23001.0,58771.0
CT,352.1,302.9,105.7,93.7,8.6,7.1,37.9%,29.7%,34.1%,38.8,13.0,60.9%,44.5%,68.0,26.8,35.7%,1.7,18.9%,19.1%,"12,579",74.0,190,558,374,230,177,188,515,150.0,653,275,306,116.0,239,171,"2,105",65.0,47.0,83.0,159,76.0,181,39.0,627,278,256,115,49.0,830,100,86,76.0,810,94.0,62.0,401,95.0,17.0,54.0,120,50.0,58.0,0.4,1.1,0.4,1.9,2895.0,2247.0,89.0,2503.0,2723.0,1166.0,811.0,17.0,7220.0,769.0,684.0,835.0,949.0,621.0,346.0,233.0,90.0,2762.0,7289.0
DE,284.6,252.3,96.8,87.2,7.0,6.6,39.0%,26.3%,30.2%,,,,,39.8,16.6,15.8%,,14.9%,,"2,753",18.0,31,100,73,27,36,23,124,13.0,348,48,68,18.0,43,31,304,36.0,13.0,27.0,35,,39,,125,50,62,25,19.0,227,35,18,19.0,102,16.0,14.0,91,13.0,16.0,16.0,27,12.0,,0.1,2.0,,2.0,3230.0,1620.0,32.0,3889.0,783.0,1325.0,984.0,9.0,6990.0,1233.0,814.0,677.0,766.0,818.0,614.0,358.0,222.0,3113.0,8615.0
DC,847.0,619.0,239.7,179.4,25.3,15.2,47.2%,23.0%,30.5%,295.0,,2.0%,31.5%,238.9,77.9,29.9%,0.9,5.1%,6.2%,"5,950",40.0,107,230,139,81,98,61,260,64.0,310,91,178,39.0,140,123,818,28.0,24.0,55.0,72,37.0,102,31.0,239,100,67,47,15.0,470,48,38,102.0,359,33.0,22.0,148,52.0,11.0,28.0,55,26.0,23.0,,2.1,0.0,2.2,522.0,255.0,7.0,493.0,411.0,474.0,182.0,4.0,1564.0,161.0,173.0,108.0,232.0,186.0,115.0,57.0,13.0,539.0,1584.0
FL,265.2,240.7,86.8,80.1,6.9,6.0,30.7%,35.9%,36.1%,27.0,14.4,53.2%,58.2%,28.9,11.6,31.2%,1.1,84.0%,48.0%,"56,484",256.0,757,"2,631","1,643",416,739,944,"2,641",477.0,"6,879","1,093","1,463",405.0,939,566,"7,513",184.0,292.0,354.0,653,416.0,961,231.0,"2,525","1,340","1,170",584,463.0,"3,481",544,652,304.0,"1,859",420.0,372.0,"1,809",367.0,147.0,322.0,733,267.0,259.0,,3.5,0.9,4.4,359.0,288.0,10.0,1623.0,332.0,809.0,405.0,7.0,3176.0,565.0,425.0,300.0,374.0,298.0,287.0,192.0,94.0,1635.0,4170.0
GA,228.7,202.9,79.1,71.9,7.0,6.1,35.6%,22.5%,30.8%,28.6,9.2,39.2%,68.9%,25.5,10.5,25.7%,0.9,30.7%,43.9%,"24,054",113.0,302,978,612,197,318,271,"1,139",164.0,"2,942",403,734,124.0,354,296,"3,328",97.0,97.0,149.0,351,150.0,352,89.0,"1,365",472,553,305,172.0,"1,820",210,206,363.0,896,117.0,137.0,748,139.0,56.0,100.0,274,97.0,137.0,0.4,1.3,0.9,2.6,12360.0,6093.0,217.0,11595.0,8280.0,4683.0,2733.0,105.0,27396.0,2303.0,2818.0,2806.0,2928.0,2684.0,2107.0,1099.0,422.0,11936.0,29103.0
HI,314.1,273.7,118.5,104.7,9.4,8.4,35.3%,13.9%,37.3%,20.4,20.4,15.1%,65.9%,30.1,14.8,20.1%,1.5,3.4%,51.8%,"4,462",16.0,57,178,70,71,42,61,275,21.0,536,63,133,80.0,45,27,688,35.0,,29.0,35,19.0,46,19.0,236,116,95,41,18.0,340,48,27,72.0,229,20.0,18.0,125,25.0,14.0,17.0,47,12.0,13.0,0.3,1.8,0.3,2.4,4815.0,3327.0,145.0,4978.0,3411.0,2446.0,1662.0,27.0,12524.0,1219.0,1465.0,1199.0,1385.0,1201.0,828.0,467.0,166.0,4858.0,12788.0
ID,192.6,181.6,73.9,68.9,5.8,5.5,26.3%,5.5%,29.4%,9.2,,,,8.0,8.0,11.3%,0.7,182.0%,,"3,379",15.0,26,111,67,23,30,43,231,13.0,798,45,101,,31,13,316,10.0,11.0,19.0,30,29.0,35,18.0,163,64,128,42,19.0,164,44,23,20.0,81,22.0,16.0,128,17.0,22.0,10.0,43,12.0,11.0,0.3,1.7,,1.9,412.0,157.0,22.0,755.0,490.0,320.0,289.0,2.0,1856.0,283.0,166.0,178.0,211.0,160.0,73.0,43.0,19.0,671.0,1804.0
IL,284.4,240.5,99.6,87.2,7.0,5.8,38.7%,30.7%,30.4%,44.7,13.4,2.5%,62.6%,49.1,19.8,25.9%,1.2,7.1%,30.9%,"36,240",218.0,585,"1,569",898,298,476,440,"1,787",325.0,"4,545",589,888,227.0,639,386,"5,261",282.0,163.0,286.0,448,206.0,532,184.0,"1,754",751,634,349,238.0,"2,352",402,233,197.0,"1,382",189.0,197.0,"1,019",237.0,117.0,150.0,366,193.0,123.0,0.4,1.1,0.4,1.9,688.0,618.0,45.0,389.0,922.0,154.0,148.0,4.0,1617.0,109.0,149.0,112.0,171.0,207.0,48.0,31.0,14.0,554.0,1395.0
IN,230.8,212.0,80.3,74.4,6.5,6.1,31.8%,21.7%,31.1%,32.1,22.3,78.0%,76.3%,22.3,9.7,15.0%,0.7,12.2%,51.1%,"15,448",65.0,215,"1,063",398,93,199,155,763,134.0,"2,686",245,432,73.0,262,130,"1,605",161.0,81.0,120.0,215,89.0,232,66.0,736,270,376,170,110.0,838,150,94,78.0,438,91.0,103.0,465,97.0,69.0,89.0,184,77.0,55.0,0.1,2.2,0.2,2.5,4963.0,2492.0,187.0,9651.0,6054.0,3830.0,2424.0,34.0,21993.0,2027.0,2053.0,2088.0,2646.0,1978.0,1425.0,842.0,385.0,7940.0,21384.0
IA,218.2,193.1,84.8,77.9,6.9,6.5,32.9%,19.5%,29.6%,49.4,21.3,5.1%,70.2%,32.2,12.7,19.1%,0.6,21.8%,21.9%,"6,886",28.0,98,320,160,49,101,77,251,39.0,"1,647",86,217,33.0,107,52,622,18.0,34.0,45.0,63,37.0,96,28.0,280,161,170,88,35.0,355,45,31,51.0,219,35.0,43.0,198,41.0,13.0,33.0,67,19.0,28.0,0.4,1.9,0.4,2.7,3453.0,845.0,132.0,2631.0,3323.0,1301.0,831.0,24.0,8110.0,659.0,828.0,1187.0,915.0,874.0,550.0,336.0,136.0,3221.0,8706.0
KS,227.6,206.5,88.0,80.5,6.8,6.3,33.3%,17.1%,30.8%,30.0,30.0,21.7%,76.7%,28.6,10.0,19.3%,1.0,14.0%,37.7%,"6,627",36.0,90,310,155,60,81,70,256,47.0,"1,434",81,197,29.0,100,43,659,66.0,33.0,31.0,70,40.0,93,17.0,294,131,168,81,37.0,371,66,63,27.0,241,29.0,39.0,204,41.0,24.0,36.0,82,29.0,17.0,0.9,2.0,0.1,3.0,1922.0,853.0,118.0,1278.0,2161.0,639.0,331.0,15.0,4424.0,340.0,528.0,465.0,349.0,400.0,271.0,144.0,42.0,1548.0,4087.0
KY,230.9,214.6,77.3,72.9,8.3,7.6,31.4%,20.8%,31.6%,40.3,28.3,32.1%,88.3%,31.4,10.8,18.4%,0.7,25.4%,44.9%,"10,319",68.0,143,483,251,97,149,121,520,58.0,"1,468",158,369,34.0,170,78,"1,102",160.0,63.0,82.0,138,72.0,144,30.0,496,196,252,112,84.0,687,78,84,62.0,347,63.0,65.0,341,60.0,26.0,72.0,132,25.0,58.0,1.1,1.4,0.8,3.3,1642.0,832.0,139.0,1205.0,1789.0,695.0,418.0,6.0,4113.0,455.0,465.0,407.0,294.0,338.0,222.0,129.0,43.0,1460.0,3813.0
LA,260.3,231.8,84.1,75.8,9.1,7.8,31.4%,19.8%,32.0%,45.6,28.7,12.8%,87.3%,47.1,17.0,28.2%,1.0,28.2%,40.0%,"12,132",69.0,165,501,316,95,154,195,637,95.0,"1,503",208,424,35.0,180,122,"1,359",156.0,93.0,74.0,181,101.0,167,29.0,661,317,307,223,72.0,860,122,88,59.0,423,84.0,61.0,386,87.0,19.0,63.0,186,40.0,57.0,0.4,2.4,0.5,3.2,2934.0,986.0,105.0,1975.0,1900.0,930.0,662.0,14.0,5481.0,593.0,787.0,623.0,696.0,560.0,362.0,200.0,69.0,2566.0,6456.0
ME,330.2,305.7,128.9,119.7,12.1,11.7,37.3%,13.8%,36.0%,53.0,,40.6%,,24.7,12.2,12.1%,0.5,9.3%,18.2%,"4,420",16.0,34,178,105,60,58,36,290,21.0,901,56,162,39.0,63,34,525,21.0,,18.0,40,21.0,52,,166,75,104,34,14.0,239,44,19,46.0,212,22.0,17.0,91,23.0,29.0,19.0,48,17.0,20.0,0.8,1.7,0.8,3.3,2364.0,767.0,158.0,2507.0,1792.0,1178.0,842.0,9.0,6328.0,641.0,811.0,603.0,784.0,604.0,459.0,244.0,97.0,3250.0,7493.0
MD,386.0,306.1,116.2,97.6,9.6,7.5,41.0%,26.8%,34.1%,32.6,22.8,2.9%,27.1%,48.3,14.9,23.2%,1.5,2.6%,21.9%,"23,323",207.0,379,"1,009",555,326,368,308,915,285.0,"1,614",376,578,169.0,521,481,"3,533",114.0,56.0,134.0,275,126.0,446,92.0,"1,072",569,416,241,138.0,"1,569",248,181,409.0,"1,128",123.0,129.0,623,221.0,50.0,97.0,239,71.0,109.0,0.1,2.4,0.1,2.5,1100.0,556.0,34.0,805.0,1118.0,334.0,203.0,17.0,2477.0,313.0,276.0,214.0,317.0,193.0,127.0,70.0,19.0,715.0,2244.0
MA,449.5,353.7,134.3,114.6,9.6,7.3,42.4%,24.0%,30.8%,46.0,9.8,12.6%,35.1%,83.0,23.4,20.7%,1.8,8.5%,29.5%,"31,025",195.0,563,"1,210",867,456,532,451,"1,247",431.0,"1,731",531,660,235.0,783,525,"4,997",210.0,127.0,178.0,408,143.0,670,161.0,"1,042",596,475,260,158.0,"2,044",207,174,204.0,"1,850",184.0,181.0,906,280.0,71.0,143.0,279,137.0,133.0,,1.9,0.0,1.9,3343.0,2301.0,50.0,5688.0,1715.0,2204.0,1308.0,29.0,10944.0,1693.0,1268.0,1204.0,985.0,1113.0,829.0,671.0,255.0,5714.0,13732.0
MI,287.0,249.7,97.8,87.6,7.9,6.7,35.0%,29.2%,31.6%,52.9,49.9,56.1%,71.5%,69.0,23.6,26.8%,1.4,49.5%,43.4%,"28,692",152.0,359,"1,012",624,238,396,331,"1,621",208.0,"4,093",379,788,172.0,445,267,"3,632",308.0,174.0,119.0,317,172.0,404,137.0,"1,291",613,516,241,169.0,"1,560",373,178,176.0,928,120.0,168.0,837,167.0,89.0,131.0,281,105.0,136.0,0.0,1.8,0.4,2.3,6264.0,2166.0,75.0,9193.0,1971.0,3163.0,1430.0,27.0,15784.0,2878.0,1903.0,1783.0,1735.0,2010.0,1637.0,1176.0,497.0,7103.0,20722.0
MN,302.7,265.0,104.9,96.0,7.4,6.6,37.2%,17.2%,27.9%,24.2,18.1,29.7%,54.3%,41.9,13.4,17.5%,1.7,7.0%,52.0%,"16,984",74.0,232,579,416,142,270,209,770,138.0,"2,991",272,416,100.0,324,150,"1,719",187.0,75.0,63.0,182,88.0,291,128.0,691,286,375,151,75.0,883,195,96,133.0,581,67.0,94.0,743,107.0,90.0,76.0,166,80.0,70.0,0.1,2.2,0.3,2.5,4420.0,3783.0,144.0,7415.0,6023.0,2640.0,2384.0,54.0,18516.0,1567.0,2099.0,1585.0,3339.0,1929.0,1095.0,685.0,239.0,7765.0,20303.0
MS,191.3,174.8,65.9,61.2,7.1,6.7,27.2%,15.4%,33.7%,35.0,21.1,135.1%,85.1%,26.1,10.9,19.0%,0.7,58.2%,53.2%,"5,714",30.0,95,240,138,45,62,67,305,45.0,884,110,213,26.0,80,38,652,55.0,41.0,37.0,91,49.0,87,19.0,320,129,154,78,51.0,345,32,53,26.0,171,35.0,41.0,186,37.0,10.0,42.0,84,28.0,29.0,0.3,2.2,,2.5,2880.0,1812.0,127.0,3215.0,3506.0,1265.0,778.0,24.0,8788.0,854.0,993.0,689.0,939.0,999.0,682.0,425.0,167.0,3635.0,9383.0
MO,273.1,236.3,86.6,79.0,7.0,6.3,34.2%,20.9%,30.2%,71.3,15.0,14.8%,67.4%,49.4,15.7,19.5%,0.7,17.8%,21.3%,"16,732",99.0,229,733,439,154,362,200,725,158.0,"2,112",277,428,112.0,282,168,"1,876",128.0,92.0,140.0,224,133.0,260,60.0,727,326,381,182,69.0,"1,067",152,110,86.0,604,82.0,104.0,528,110.0,54.0,91.0,178,72.0,70.0,1.6,1.6,0.8,4.0,2086.0,107.0,99.0,1179.0,1097.0,525.0,412.0,3.0,3216.0,267.0,400.0,282.0,376.0,314.0,188.0,120.0,48.0,1386.0,3381.0
MT,247.1,236.2,91.5,88.0,9.8,9.4,31.5%,5.8%,35.0%,,,,,7.7,7.6,24.4%,,331.6%,,"2,625",13.0,30,153,45,22,30,29,169,13.0,571,32,104,,37,14,263,22.0,11.0,14.0,17,26.0,35,,117,55,86,33,,106,26,20,14.0,81,13.0,20.0,76,18.0,,20.0,32,15.0,10.0,0.4,2.2,0.4,3.1,3417.0,665.0,122.0,3811.0,2736.0,1739.0,1083.0,41.0,9410.0,1030.0,1115.0,1114.0,1092.0,1099.0,674.0,422.0,181.0,4138.0,10865.0
NE,239.2,214.5,88.2,80.3,6.8,6.2,32.9%,14.8%,28.8%,61.7,28.1,18.9%,87.0%,42.2,17.2,29.4%,0.7,23.1%,27.1%,"4,614",28.0,91,242,107,40,62,37,160,38.0,925,67,131,25.0,67,46,443,29.0,24.0,22.0,40,33.0,65,13.0,209,97,125,64,24.0,279,35,32,13.0,138,20.0,32.0,155,31.0,,19.0,51,22.0,29.0,0.1,3.0,0.2,3.3,504.0,391.0,56.0,344.0,587.0,125.0,116.0,2.0,1174.0,104.0,129.0,146.0,124.0,110.0,56.0,31.0,7.0,445.0,1152.0
NV,213.5,185.8,72.3,65.0,5.6,5.0,29.1%,27.3%,29.6%,32.6,13.2,35.3%,73.2%,21.4,12.4,26.2%,0.6,155.9%,41.6%,"6,478",22.0,66,403,137,40,54,65,384,51.0,824,84,169,57.0,78,34,957,22.0,34.0,36.0,89,32.0,87,21.0,305,119,148,48,75.0,332,80,49,38.0,196,37.0,35.0,195,27.0,21.0,24.0,59,28.0,12.0,0.5,2.9,0.1,3.6,1045.0,822.0,93.0,894.0,1260.0,441.0,284.0,3.0,2882.0,270.0,326.0,325.0,214.0,264.0,163.0,102.0,35.0,1046.0,2745.0
NH,315.1,287.6,105.9,99.6,9.7,8.6,36.5%,17.8%,31.9%,31.2,,24.0%,17.8%,30.9,6.9,16.7%,1.0,9.7%,10.5%,"4,274",19.0,56,195,106,51,76,52,234,26.0,582,75,132,27.0,80,36,530,28.0,14.0,16.0,30,23.0,65,15.0,181,72,123,41,26.0,266,34,25,52.0,184,21.0,24.0,141,40.0,,23.0,64,15.0,33.0,0.2,0.7,1.3,2.1,841.0,529.0,44.0,1411.0,901.0,424.0,323.0,6.0,3065.0,283.0,289.0,388.0,386.0,262.0,185.0,86.0,36.0,1171.0,3086.0
NJ,306.5,271.0,97.7,87.5,7.6,6.7,36.8%,38.2%,36.6%,30.5,29.8,43.2%,45.1%,37.7,17.4,47.9%,1.4,21.3%,33.5%,"27,305",183.0,360,"1,422",943,293,298,363,"1,010",294.0,"2,099",576,674,201.0,498,348,"4,116",79.0,128.0,201.0,365,124.0,405,84.0,"1,363",578,556,256,217.0,"2,197",463,245,118.0,"1,133",226.0,146.0,757,183.0,87.0,124.0,346,91.0,136.0,,1.7,0.3,2.1,1014.0,521.0,28.0,869.0,581.0,328.0,218.0,6.0,2002.0,280.0,245.0,224.0,234.0,182.0,149.0,91.0,31.0,802.0,2238.0
NM,244.8,213.8,91.1,82.1,7.7,7.3,38.4%,19.3%,38.5%,44.2,21.5,187.0%,71.0%,29.1,11.1,21.5%,0.7,14.4%,38.0%,"5,129",15.0,81,194,94,66,65,51,319,38.0,938,75,162,42.0,70,50,562,14.0,13.0,35.0,60,24.0,69,17.0,221,80,117,52,26.0,353,47,24,54.0,243,24.0,23.0,138,39.0,11.0,21.0,47,18.0,14.0,,2.1,0.3,2.4,5517.0,1862.0,82.0,7070.0,2708.0,3164.0,1831.0,61.0,14834.0,1661.0,1471.0,1605.0,1533.0,1252.0,1232.0,588.0,325.0,6001.0,15668.0
NY,375.1,304.1,112.9,94.8,10.2,7.4,38.9%,37.0%,34.8%,58.2,15.6,33.4%,67.0%,88.8,33.1,37.6%,1.6,9.0%,35.9%,"73,298",397.0,962,"3,363","2,218","1,123","1,060","1,047","2,777",760.0,"4,707","1,431","1,985",653.0,"1,526",973,"11,103",278.0,299.0,456.0,973,366.0,"1,297",344.0,"3,292","1,671","1,148",723,437.0,"5,235","1,000",594,384.0,"4,677",513.0,364.0,"2,184",512.0,118.0,330.0,801,244.0,335.0,0.3,0.7,0.7,1.8,1022.0,532.0,41.0,979.0,1135.0,531.0,285.0,6.0,2936.0,383.0,259.0,263.0,390.0,228.0,143.0,88.0,46.0,1094.0,2894.0
NC,255.0,223.5,86.2,78.1,7.1,6.2,35.6%,15.7%,28.6%,28.2,11.4,47.4%,57.1%,35.6,11.9,10.5%,1.3,27.2%,38.2%,"26,481",135.0,322,970,625,304,373,362,"1,375",221.0,"3,484",477,741,187.0,515,274,"3,202",240.0,109.0,154.0,334,165.0,364,130.0,"1,290",533,593,321,150.0,"1,823",265,189,171.0,"1,099",147.0,164.0,801,177.0,92.0,141.0,334,103.0,127.0,0.5,2.2,,2.7,12611.0,8893.0,166.0,20720.0,6480.0,8600.0,4720.0,72.0,40592.0,6759.0,4293.0,4262.0,4560.0,3999.0,3149.0,2213.0,902.0,18771.0,48908.0
ND,237.6,217.1,87.0,79.6,10.5,9.7,30.3%,26.1%,28.5%,40.8,40.8,25.0%,90.6%,19.9,11.7,46.4%,0.5,34.8%,33.7%,"1,806",,35,76,30,21,23,20,87,10.0,396,21,80,,34,14,171,,13.0,16.0,24,21.0,19,,73,32,49,14,,83,14,13,,65,,12.0,62,12.0,,11.0,20,11.0,,0.6,1.3,0.1,2.1,4717.0,4242.0,112.0,5055.0,4024.0,2568.0,1691.0,62.0,13400.0,1576.0,1589.0,1133.0,1661.0,1310.0,940.0,606.0,213.0,5951.0,14979.0
OH,292.7,248.6,93.7,83.7,8.3,7.1,34.9%,25.1%,28.9%,46.3,37.8,22.8%,74.5%,58.5,20.2,22.3%,1.3,25.9%,40.2%,"34,217",159.0,471,"1,414",832,300,528,385,"1,681",265.0,"4,231",509,976,190.0,570,316,"4,152",263.0,147.0,236.0,384,226.0,487,124.0,"1,459",647,697,330,221.0,"2,085",340,215,220.0,"1,142",179.0,214.0,"1,002",224.0,162.0,205.0,365,119.0,172.0,,4.2,0.1,4.3,457.0,227.0,39.0,351.0,587.0,110.0,60.0,4.0,1112.0,134.0,149.0,74.0,66.0,104.0,35.0,31.0,14.0,296.0,903.0
OK,206.7,189.1,73.9,68.5,6.2,5.8,29.9%,18.3%,33.8%,29.0,29.0,13.1%,82.2%,29.1,12.0,18.0%,1.2,52.9%,48.2%,"8,151",25.0,93,425,181,63,92,82,342,55.0,"1,590",122,244,31.0,115,43,756,68.0,61.0,53.0,92,69.0,108,23.0,356,159,199,82,52.0,467,53,42,55.0,317,41.0,44.0,261,47.0,30.0,40.0,102,32.0,19.0,0.3,2.4,0.2,2.8,6039.0,2236.0,194.0,7906.0,5406.0,3993.0,2192.0,94.0,19591.0,1770.0,2444.0,1987.0,2878.0,1942.0,1484.0,878.0,303.0,9096.0,22782.0
OR,303.4,271.5,109.4,101.0,9.2,8.3,39.3%,11.5%,29.1%,15.6,15.6,23.7%,55.4%,24.2,9.9,6.8%,1.7,26.8%,44.9%,"12,714",34.0,138,653,200,122,172,158,778,87.0,"1,966",183,387,79.0,192,83,"1,756",47.0,40.0,58.0,118,86.0,193,46.0,593,284,273,140,58.0,731,104,80,110.0,535,44.0,77.0,345,75.0,31.0,55.0,130,48.0,52.0,0.5,1.5,0.8,2.8,1131.0,1288.0,125.0,1319.0,2260.0,704.0,514.0,13.0,4810.0,435.0,448.0,526.0,582.0,417.0,232.0,145.0,46.0,1831.0,4662.0
PA,320.5,273.3,100.8,88.2,8.7,7.2,35.6%,23.5%,33.3%,64.0,,17.8%,63.0%,69.7,25.1,22.3%,1.2,22.1%,31.3%,"41,041",194.0,576,"1,738","1,223",442,644,529,"1,832",392.0,"5,003",755,"1,112",287.0,832,456,"5,172",140.0,170.0,271.0,548,269.0,641,166.0,"1,690",875,758,389,241.0,"2,273",510,261,218.0,"1,697",273.0,270.0,"1,329",330.0,150.0,248.0,416,162.0,188.0,0.2,1.4,0.1,1.6,2101.0,1158.0,61.0,2569.0,1978.0,811.0,613.0,16.0,5987.0,653.0,717.0,688.0,726.0,515.0,275.0,208.0,84.0,2296.0,6162.0
RI,370.0,325.3,117.5,106.6,10.1,8.6,41.1%,24.1%,30.1%,57.2,,42.0%,23.4%,79.4,29.1,14.4%,1.5,10.2%,12.6%,"3,912",10.0,59,117,105,76,52,67,187,35.0,305,71,107,38.0,73,63,615,20.0,19.0,20.0,51,21.0,68,11.0,189,66,76,28,15.0,260,16,19,21.0,229,29.0,16.0,110,31.0,11.0,10.0,40,24.0,17.0,0.0,2.5,0.3,2.9,7003.0,5669.0,199.0,10376.0,7204.0,3896.0,2666.0,160.0,24302.0,2641.0,2998.0,2306.0,3163.0,2551.0,1923.0,1204.0,429.0,9552.0,26767.0
SC,229.5,205.0,80.1,72.3,7.0,6.2,31.3%,15.2%,31.2%,43.3,30.7,123.6%,90.6%,29.7,11.0,10.2%,0.6,34.2%,46.7%,"11,666",57.0,148,504,255,131,126,139,720,83.0,"1,874",197,354,65.0,155,93,"1,264",83.0,66.0,66.0,153,72.0,154,42.0,599,251,280,141,57.0,783,90,90,80.0,440,69.0,62.0,321,84.0,49.0,68.0,143,49.0,51.0,,1.9,0.2,2.1,653.0,305.0,11.0,1308.0,283.0,535.0,275.0,6.0,2407.0,267.0,290.0,129.0,396.0,217.0,174.0,156.0,55.0,897.0,2581.0
SD,240.4,219.1,92.8,84.8,9.2,8.6,31.8%,16.0%,29.9%,31.3,31.3,31.4%,85.1%,17.1,10.1,25.2%,0.6,55.7%,41.5%,"2,121",,40,83,36,18,22,32,83,,460,27,81,14.0,26,18,245,,,15.0,26,18.0,30,,95,37,66,28,11.0,90,20,16,14.0,76,,14.0,71,11.0,,10.0,25,,,0.6,1.1,0.7,2.4,2121.0,1049.0,69.0,2137.0,2341.0,1122.0,776.0,19.0,6395.0,739.0,804.0,578.0,728.0,574.0,343.0,198.0,78.0,2410.0,6452.0
TN,253.1,225.8,85.1,77.8,8.1,7.4,30.3%,17.4%,33.3%,42.4,14.8,36.7%,69.7%,38.4,13.2,17.7%,0.9,21.1%,34.1%,"17,133",100.0,319,729,450,105,261,188,690,132.0,"2,161",285,548,43.0,294,169,"2,256",211.0,96.0,110.0,218,119.0,258,89.0,855,342,425,185,82.0,"1,084",122,135,107.0,567,122.0,99.0,581,109.0,48.0,101.0,213,77.0,87.0,0.2,4.3,0.2,4.8,473.0,404.0,57.0,339.0,541.0,121.0,80.0,2.0,1083.0,103.0,123.0,68.0,58.0,102.0,53.0,32.0,9.0,410.0,958.0
TX,224.8,199.9,72.9,66.5,6.2,5.4,35.2%,25.9%,27.9%,28.3,24.3,55.2%,84.9%,29.9,10.1,20.8%,1.1,23.1%,59.7%,"64,533",383.0,932,"3,512","1,410",647,816,857,"3,334",504.0,"8,646","1,046","1,785",381.0,"1,121",552,"7,096",310.0,374.0,505.0,955,426.0,842,322.0,"3,308","1,265","1,309",722,490.0,"4,438",646,637,429.0,"2,064",251.0,353.0,"1,952",382.0,188.0,336.0,698,299.0,221.0,0.5,1.6,0.8,2.9,5748.0,1192.0,115.0,3587.0,2486.0,1729.0,1064.0,10.0,8876.0,798.0,1173.0,853.0,832.0,995.0,649.0,442.0,145.0,4216.0,10103.0
UT,216.2,199.9,65.3,62.2,5.8,5.4,24.6%,9.3%,26.5%,16.6,16.6,21.5%,43.5%,26.0,8.8,6.1%,1.6,20.2%,43.8%,"6,833",34.0,100,439,108,61,85,116,427,35.0,997,104,182,26.0,91,50,515,45.0,34.0,58.0,57,48.0,94,38.0,339,176,183,91,53.0,482,108,72,51.0,211,45.0,36.0,190,37.0,48.0,33.0,71,21.0,17.0,0.3,1.0,1.0,2.3,9900.0,5843.0,523.0,10860.0,9612.0,6169.0,3953.0,110.0,30704.0,3026.0,3477.0,3788.0,3259.0,3128.0,2041.0,1411.0,467.0,13301.0,33898.0
VT,367.1,322.7,130.3,121.5,11.7,9.9,41.7%,10.7%,35.7%,76.3,76.3,,50.9%,50.9,14.5,13.2%,0.7,20.4%,13.6%,"2,299",,47,85,37,31,38,30,123,18.0,357,25,73,15.0,41,20,276,11.0,,12.0,23,12.0,40,,104,39,47,21,15.0,156,16,,19.0,141,12.0,11.0,67,14.0,,,21,,,0.3,1.0,0.6,1.8,1207.0,798.0,54.0,971.0,1052.0,669.0,369.0,4.0,3065.0,304.0,316.0,439.0,426.0,311.0,174.0,106.0,33.0,1587.0,3696.0
VA,263.2,231.8,90.3,81.7,7.3,6.3,37.7%,22.0%,31.1%,43.2,25.3,46.4%,46.5%,28.8,11.2,18.4%,0.7,15.7%,31.4%,"22,419",147.0,258,975,477,244,292,318,"1,158",209.0,"3,014",363,623,136.0,310,196,"2,815",97.0,102.0,154.0,250,132.0,338,85.0,"1,101",451,461,244,93.0,"1,619",228,189,229.0,"1,001",117.0,99.0,686,137.0,55.0,94.0,247,95.0,96.0,,2.1,,2.1,384.0,247.0,14.0,417.0,373.0,215.0,122.0,1.0,1128.0,192.0,137.0,113.0,90.0,108.0,64.0,39.0,14.0,453.0,1210.0
WA,278.8,246.3,100.6,91.7,6.9,6.1,38.8%,15.3%,31.2%,24.7,17.1,97.4%,48.0%,28.5,11.6,5.4%,1.2,25.2%,42.1%,"21,007",90.0,251,"1,038",369,166,274,260,"1,082",146.0,"3,685",324,522,131.0,392,205,"2,422",81.0,74.0,89.0,207,135.0,272,104.0,871,384,461,221,116.0,"1,244",253,133,227.0,788,70.0,124.0,625,136.0,82.0,86.0,233,78.0,102.0,0.2,1.5,0.5,2.1,4478.0,2102.0,96.0,4248.0,3729.0,2198.0,1347.0,33.0,11555.0,1303.0,1167.0,1058.0,1334.0,1160.0,680.0,362.0,197.0,4491.0,11752.0
WV,263.4,231.6,100.1,89.4,10.5,9.2,29.7%,27.5%,33.5%,89.2,89.2,13.8%,88.9%,51.8,23.0,30.2%,0.6,44.1%,30.4%,"4,757",11.0,82,178,117,33,56,42,236,48.0,935,58,190,23.0,80,36,527,66.0,33.0,16.0,65,32.0,60,15.0,201,91,109,56,19.0,253,27,30,36.0,160,26.0,21.0,138,17.0,12.0,34.0,54,11.0,25.0,0.4,1.2,0.1,1.7,3037.0,1908.0,92.0,3748.0,4417.0,1786.0,939.0,29.0,10919.0,1048.0,1086.0,1300.0,1156.0,1162.0,521.0,489.0,127.0,4228.0,11117.0
WI,264.9,238.3,94.6,86.4,7.9,7.1,35.0%,19.3%,29.2%,30.4,13.1,14.8%,70.4%,34.6,12.0,16.3%,1.1,17.9%,36.5%,"15,399",88.0,219,782,319,151,201,212,798,120.0,"2,707",212,457,96.0,258,118,"1,700",89.0,51.0,97.0,147,102.0,223,98.0,620,318,380,164,85.0,892,195,86,86.0,515,66.0,99.0,567,103.0,57.0,71.0,170,77.0,50.0,0.4,2.8,0.7,3.8,942.0,668.0,56.0,976.0,1241.0,393.0,264.0,8.0,2882.0,245.0,325.0,228.0,368.0,243.0,148.0,100.0,50.0,1096.0,2803.0
WY,207.9,199.6,79.8,76.2,10.6,10.4,26.0%,13.4%,33.6%,,,,,7.3,7.3,35.7%,,5.0%,,"1,201",,13,78,22,,,14,84,,296,13,61,,13,10,103,,,,,10.0,10,,74,11,52,16,,53,,,,41,,,42,,,,18,,,0.0,2.0,0.1,2.1,3041.0,1840.0,133.0,3052.0,3276.0,1343.0,812.0,15.0,8498.0,818.0,905.0,986.0,889.0,1066.0,459.0,359.0,133.0,3582.0,9197.0
