00000,US,united states,1.0,1.118676102149356,1.518570612280779,2.1224122016614655,2.377829545954024,262.0,321.0,415.0,535.0,693.0
01000,AL,alabama,1.0,1.0241935483870968,1.2661290322580645,1.7338709677419355,2.282258064516129,0.0,0.0,0.0,0.0,0.0
01073,AL,jefferson county,1.0,1.0166666666666666,1.1833333333333333,1.5,1.65,0.0,0.0,0.0,0.0,0.0
01081,AL,lee county,1.0,1.0,1.3333333333333333,1.75,2.4166666666666665,0.0,0.0,0.0,0.0,0.0
01089,AL,madison county,1.0,1.0,2.2857142857142856,3.0,3.0,0.0,0.0,0.0,0.0,0.0
01117,AL,shelby county,1.0,1.0,1.0625,1.5,2.25,0.0,0.0,0.0,0.0,0.0
04000,AZ,arizona,1.0,1.0,1.5670103092783505,3.051546391752577,3.3608247422680413,1.0,1.0,2.0,3.0,4.0
04013,AZ,maricopa county,1.0,1.0,1.653061224489796,3.4489795918367347,4.061224489795919,1.0,1.0,2.0,2.0,2.0
04017,AZ,navajo county,1.0,1.0,4.333333333333333,10.666666666666666,10.666666666666666,0.0,0.0,0.0,0.0,0.0
04019,AZ,pima county,1.0,1.0,1.4166666666666667,3.5,3.5,0.0,0.0,0.0,1.0,1.0
04021,AZ,pinal county,1.0,1.0,1.1428571428571428,1.5714285714285714,1.5714285714285714,0.0,0.0,0.0,0.0,0.0
05000,AR,arkansas,1.0,30.0,42.0,49.25,54.5,0.0,0.0,0.0,0.0,1.0
05069,AR,jefferson county,1.0,6.666666666666667,6.666666666666667,7.0,7.333333333333333,0.0,0.0,0.0,0.0,0.0
06000,CA,california,1.0,1.198570293884035,1.460683081810961,1.8006354249404288,2.112787926926132,24.0,27.0,35.0,43.0,58.0
06001,CA,alameda county,1.0,1.4791666666666667,2.2083333333333335,2.5416666666666665,2.8125,0.0,0.0,0.0,1.0,2.0
06013,CA,contra costa county,1.0,1.108695652173913,1.326086956521739,1.5434782608695652,1.8695652173913044,1.0,1.0,1.0,1.0,1.0
06037,CA,los angeles county,1.0,1.202054794520548,1.4006849315068493,1.8493150684931507,2.291095890410959,2.0,4.0,5.0,8.0,11.0
06041,CA,marin county,1.0,1.0,1.0,1.236842105263158,1.394736842105263,0.0,0.0,0.0,0.0,0.0
06053,CA,monterey county,1.0,2.2,2.2,4.0,4.8,0.0,1.0,1.0,1.0,1.0
06059,CA,orange county,1.0,1.2,1.4615384615384615,1.9230769230769231,2.3384615384615386,0.0,0.0,0.0,0.0,1.0
06061,CA,placer county,1.0,1.3333333333333333,1.3333333333333333,2.2222222222222223,2.888888888888889,1.0,1.0,1.0,1.0,1.0
06065,CA,riverside county,1.0,1.0,1.5357142857142858,1.6428571428571428,2.0357142857142856,4.0,4.0,6.0,6.0,6.0
06067,CA,sacramento county,1.0,1.0,1.0,1.6603773584905661,1.6603773584905661,3.0,3.0,3.0,4.0,4.0
06071,CA,san bernardino county,1.0,1.1111111111111112,1.8888888888888888,1.8888888888888888,4.222222222222222,0.0,0.0,0.0,0.0,1.0
06073,CA,san diego county,1.0,1.220472440944882,1.5669291338582678,1.779527559055118,1.874015748031496,0.0,0.0,1.0,1.0,2.0
06075,CA,san francisco county,1.0,1.0,1.7236842105263157,2.0,2.3421052631578947,0.0,0.0,0.0,0.0,1.0
06077,CA,san joaquin county,1.0,1.24,1.64,2.04,2.4,2.0,2.0,2.0,2.0,2.0
06079,CA,san luis obispo county,1.0,1.3125,1.6875,2.0625,2.625,0.0,0.0,0.0,0.0,0.0
06081,CA,san mateo county,1.0,1.0,1.0636363636363637,1.4636363636363636,1.5,1.0,1.0,1.0,1.0,5.0
06083,CA,santa barbara county,1.0,1.4444444444444444,2.0,2.0,2.6666666666666665,0.0,0.0,0.0,0.0,0.0
06085,CA,santa clara county,1.0,1.3418367346938775,1.5408163265306123,1.6377551020408163,1.913265306122449,8.0,8.0,10.0,13.0,16.0
06087,CA,santa cruz county,1.0,1.0,1.0,1.4666666666666666,1.6,0.0,0.0,0.0,0.0,0.0
06095,CA,solano county,1.0,1.0,1.0769230769230769,1.6153846153846154,1.8461538461538463,0.0,0.0,0.0,0.0,0.0
06097,CA,sonoma county,1.0,2.4444444444444446,3.0,3.2222222222222223,3.7777777777777777,1.0,1.0,1.0,1.0,1.0
06111,CA,ventura county,1.0,1.3157894736842106,1.5789473684210527,1.8421052631578947,2.0526315789473686,0.0,0.0,1.0,1.0,1.0
08000,CO,colorado,1.0,1.3848396501457727,1.7317784256559767,2.0932944606413995,2.6064139941690962,4.0,6.0,7.0,8.0,8.0
08001,CO,adams county,1.0,1.1666666666666667,1.5,2.0833333333333335,2.25,0.0,0.0,0.0,0.0,0.0
08005,CO,arapahoe county,1.0,1.3793103448275863,1.5517241379310345,2.0,2.3793103448275863,0.0,0.0,0.0,0.0,0.0
08013,CO,boulder county,1.0,1.875,2.3125,2.4375,3.0625,0.0,0.0,0.0,0.0,0.0
08031,CO,denver county,1.0,1.4477611940298507,1.8656716417910448,2.208955223880597,2.626865671641791,0.0,0.0,0.0,0.0,0.0
08035,CO,douglas county,1.0,1.588235294117647,1.9411764705882353,2.823529411764706,3.1176470588235294,0.0,0.0,0.0,0.0,0.0
08037,CO,eagle county,1.0,1.2131147540983607,1.3114754098360655,1.5081967213114753,1.5737704918032787,0.0,1.0,1.0,1.0,1.0
08041,CO,el paso county,1.0,1.3703703703703705,1.8888888888888888,2.5555555555555554,3.925925925925926,2.0,3.0,3.0,4.0,4.0
08051,CO,gunnison county,1.0,1.3846153846153846,1.6923076923076923,2.1538461538461537,3.076923076923077,0.0,0.0,0.0,0.0,0.0
08059,CO,jefferson county,1.0,1.162162162162162,1.3783783783783783,1.4864864864864864,1.972972972972973,0.0,0.0,0.0,0.0,0.0
08069,CO,larimer county,1.0,2.7142857142857144,4.571428571428571,4.857142857142857,6.142857142857143,0.0,0.0,0.0,0.0,0.0
08123,CO,weld county,1.0,1.4,2.466666666666667,3.3333333333333335,5.066666666666666,1.0,1.0,2.0,2.0,2.0
09000,CT,connecticut,1.0,1.1494845360824741,1.6855670103092784,2.1391752577319587,3.185567010309278,4.0,5.0,8.0,10.0,12.0
09001,CT,fairfield county,1.0,1.1475409836065573,1.7049180327868851,2.2131147540983607,3.1475409836065573,4.0,4.0,5.0,6.0,7.0
09003,CT,hartford county,1.0,1.206896551724138,1.8620689655172413,2.103448275862069,3.0344827586206895,0.0,0.0,1.0,2.0,2.0
09005,CT,litchfield county,1.0,1.375,1.5,1.625,2.75,0.0,0.0,0.0,0.0,0.0
09009,CT,new haven county,1.0,1.0434782608695652,1.2608695652173914,1.7826086956521738,3.869565217391304,0.0,0.0,0.0,0.0,0.0
10000,DE,delaware,1.0,1.0,1.641025641025641,2.230769230769231,2.6666666666666665,0.0,0.0,0.0,0.0,0.0
10003,DE,new castle county,1.0,1.0,1.5925925925925926,2.1481481481481484,2.6296296296296298,0.0,0.0,0.0,0.0,0.0
10005,DE,sussex county,1.0,1.0,2.142857142857143,2.857142857142857,3.2857142857142856,0.0,0.0,0.0,0.0,0.0
11001,DC,district of columbia,1.0,1.0,1.5584415584415585,1.8311688311688312,2.4285714285714284,1.0,1.0,2.0,2.0,2.0
12000,FL,florida,1.0,1.0328820116054158,2.263056092843327,2.7311411992263057,2.83752417794971,10.0,13.0,13.0,17.0,23.0
12001,FL,alachua county,1.0,1.0,1.7619047619047619,1.7619047619047619,1.7619047619047619,0.0,0.0,0.0,0.0,0.0
12011,FL,broward county,1.0,1.0,1.7086092715231789,2.0596026490066226,2.066225165562914,1.0,3.0,3.0,3.0,3.0
12021,FL,collier county,1.0,1.037037037037037,1.2592592592592593,1.5185185185185186,1.5185185185185186,0.0,0.0,0.0,0.0,0.0
12031,FL,duval county,1.0,1.0,2.3,2.5,2.5,0.0,1.0,1.0,1.0,3.0
12057,FL,hillsborough county,1.0,1.0,1.7380952380952381,2.1666666666666665,2.261904761904762,0.0,0.0,0.0,0.0,0.0
12071,FL,lee county,1.0,1.0,2.0,2.2857142857142856,2.4285714285714284,1.0,2.0,2.0,2.0,3.0
12095,FL,orange county,1.0,1.2608695652173914,1.9565217391304348,2.1739130434782608,2.260869565217391,2.0,2.0,2.0,2.0,2.0
12097,FL,osceola county,1.0,1.0,1.7142857142857142,1.8571428571428572,1.8571428571428572,0.0,0.0,0.0,0.0,0.0
12099,FL,palm beach county,1.0,1.0,1.9777777777777779,2.2444444444444445,2.311111111111111,0.0,0.0,0.0,3.0,3.0
12103,FL,pinellas county,1.0,1.0,1.4814814814814814,1.6666666666666667,1.6666666666666667,0.0,0.0,0.0,0.0,1.0
12109,FL,st. johns county,1.0,1.0,2.25,2.75,3.0,0.0,0.0,0.0,0.0,1.0
12115,FL,sarasota county,1.0,1.0,2.0,2.6,2.6,0.0,0.0,0.0,0.0,2.0
12117,FL,seminole county,1.0,1.0,1.7272727272727273,2.090909090909091,2.272727272727273,0.0,0.0,0.0,0.0,0.0
13000,GA,georgia,1.0,1.0765864332603938,1.299781181619256,1.7024070021881839,2.2319474835886215,10.0,15.0,15.0,15.0,15.0
13015,GA,bartow county,1.0,1.0,1.037037037037037,1.3888888888888888,1.4074074074074074,0.0,1.0,1.0,1.0,1.0
13045,GA,carroll county,1.0,2.0,2.2857142857142856,3.0,3.7142857142857144,0.0,0.0,0.0,0.0,0.0
13057,GA,cherokee county,1.0,1.0,1.125,1.5,1.875,0.0,0.0,0.0,0.0,0.0
13063,GA,clayton county,1.0,1.3,1.3,1.9,2.1,0.0,0.0,0.0,0.0,0.0
13067,GA,cobb county,1.0,1.0,1.425531914893617,1.6808510638297873,1.9148936170212767,1.0,2.0,2.0,2.0,2.0
13089,GA,dekalb county,1.0,1.0,1.4722222222222223,2.0555555555555554,2.9722222222222223,0.0,0.0,0.0,0.0,0.0
13095,GA,dougherty county,1.0,1.0,1.1818181818181819,1.5681818181818181,2.2954545454545454,4.0,6.0,6.0,6.0,6.0
13121,GA,fulton county,1.0,1.0,1.2613636363636365,1.7272727272727273,2.1704545454545454,2.0,2.0,2.0,2.0,2.0
13135,GA,gwinnett county,1.0,1.0,1.173913043478261,1.5217391304347827,2.0,0.0,1.0,1.0,1.0,1.0
13177,GA,lee county,1.0,1.0769230769230769,1.2307692307692308,1.4615384615384615,1.8461538461538463,0.0,0.0,0.0,0.0,0.0
15000,HI,hawaii,1.0,1.25,1.5555555555555556,2.0,1.9444444444444444,0.0,0.0,0.0,0.0,1.0
15003,HI,honolulu county,1.0,1.25,1.4642857142857142,1.8928571428571428,2.0714285714285716,0.0,0.0,0.0,0.0,1.0
16000,ID,idaho,1.0,1.1944444444444444,1.4444444444444444,1.9166666666666667,2.5277777777777777,0.0,0.0,0.0,0.0,0.0
16001,ID,ada county,1.0,1.375,1.625,1.625,3.0,0.0,0.0,0.0,0.0,0.0
16013,ID,blaine county,1.0,1.105263157894737,1.105263157894737,1.8421052631578947,2.1052631578947367,0.0,0.0,0.0,0.0,0.0
17000,IL,illinois,1.0,1.2908777969018932,1.8037865748709123,2.1032702237521517,2.6454388984509465,5.0,6.0,6.0,12.0,12.0
17031,IL,cook county,1.0,1.3333333333333333,1.9586374695863746,2.24330900243309,2.9051094890510947,3.0,4.0,4.0,9.0,9.0
17043,IL,dupage county,1.0,1.1403508771929824,1.3859649122807018,1.6666666666666667,1.8070175438596492,0.0,0.0,0.0,0.0,0.0
17089,IL,kane county,1.0,1.0,1.625,2.25,3.0,0.0,0.0,0.0,0.0,0.0
17097,IL,lake county,1.0,1.1886792452830188,1.3018867924528301,1.8113207547169812,2.0943396226415096,0.0,0.0,0.0,0.0,0.0
17197,IL,will county,1.0,1.2,2.1,2.4,2.8,1.0,1.0,1.0,1.0,1.0
18000,IN,indiana,1.0,1.0,1.5905511811023623,1.669291338582677,3.0078740157480315,3.0,3.0,6.0,6.0,13.0
18057,IN,hamilton county,1.0,1.0,1.8,1.8,3.0,0.0,0.0,0.0,0.0,0.0
18097,IN,marion county,1.0,1.0,1.7826086956521738,1.7826086956521738,3.5,2.0,2.0,3.0,3.0,6.0
19000,IA,iowa,1.0,1.3333333333333333,2.0,2.3333333333333335,2.7333333333333334,0.0,0.0,0.0,0.0,1.0
19103,IA,johnson county,1.0,1.0,1.4545454545454546,1.5909090909090908,1.6818181818181819,0.0,0.0,0.0,0.0,0.0
20000,KS,kansas,1.0,1.14,1.34,1.72,2.04,1.0,2.0,2.0,2.0,2.0
20091,KS,johnson county,1.0,1.0869565217391304,1.2173913043478262,1.391304347826087,1.565217391304348,0.0,1.0,1.0,1.0,1.0
20209,KS,wyandotte county,1.0,1.4444444444444444,1.5555555555555556,1.7777777777777777,2.4444444444444446,1.0,1.0,1.0,1.0,1.0
21000,KY,kentucky,1.0,1.0,1.0,1.6875,2.234375,2.0,3.0,3.0,4.0,4.0
21067,KY,fayette county,1.0,1.0,1.0,1.5,2.8,0.0,0.0,0.0,1.0,1.0
21111,KY,jefferson county,1.0,1.0,1.0,1.32,1.4,1.0,1.0,1.0,1.0,1.0
22000,LA,louisiana,1.0,1.2374100719424461,1.485611510791367,2.088129496402878,2.4748201438848922,14.0,20.0,20.0,35.0,45.0
22005,LA,ascension parish,1.0,4.0,5.666666666666667,8.666666666666666,12.0,0.0,0.0,0.0,1.0,1.0
22017,LA,caddo parish,1.0,1.25,1.3333333333333333,2.8333333333333335,3.3333333333333335,0.0,0.0,0.0,0.0,0.0
22033,LA,east baton rouge parish,1.0,2.5714285714285716,2.857142857142857,6.142857142857143,8.285714285714286,0.0,0.0,0.0,2.0,2.0
22051,LA,jefferson parish,1.0,1.5961538461538463,1.7692307692307692,2.423076923076923,2.8173076923076925,2.0,3.0,3.0,5.0,6.0
22071,LA,orleans parish,1.0,1.0,1.28125,1.6107954545454546,1.9176136363636365,10.0,15.0,15.0,20.0,26.0
22095,LA,st. john the baptist parish,1.0,1.5,1.6666666666666667,2.6666666666666665,3.5,0.0,0.0,0.0,0.0,0.0
22103,LA,st. tammany parish,1.0,1.8333333333333333,2.0833333333333335,3.9166666666666665,4.333333333333333,0.0,0.0,0.0,0.0,1.0
23000,ME,maine,1.0,1.1111111111111112,1.8888888888888888,2.185185185185185,2.185185185185185,0.0,0.0,0.0,0.0,0.0
23005,ME,cumberland county,1.0,1.0,1.8857142857142857,2.1142857142857143,2.1142857142857143,0.0,0.0,0.0,0.0,0.0
24000,MD,maryland,1.0,1.022857142857143,1.48,1.76,2.125714285714286,2.0,3.0,3.0,3.0,4.0
24003,MD,anne arundel county,1.0,1.0,1.3333333333333333,1.6,2.066666666666667,0.0,0.0,0.0,0.0,0.0
24005,MD,baltimore county,1.0,1.0,1.8421052631578947,2.210526315789474,2.6842105263157894,1.0,1.0,1.0,1.0,1.0
24027,MD,howard county,1.0,1.0,1.368421052631579,1.5789473684210527,1.8421052631578947,0.0,0.0,0.0,0.0,0.0
24031,MD,montgomery county,1.0,1.0,1.3823529411764706,1.5735294117647058,1.8676470588235294,0.0,1.0,1.0,1.0,1.0
24033,MD,prince george's county,1.0,1.0,1.3055555555555556,1.75,2.111111111111111,1.0,1.0,1.0,1.0,2.0
24510,MD,baltimore city,1.0,1.0,2.066666666666667,2.7333333333333334,3.533333333333333,0.0,0.0,0.0,0.0,0.0
25000,MA,massachusetts,1.0,1.2741116751269035,1.5609137055837563,1.8350253807106598,2.720812182741117,1.0,2.0,2.0,2.0,2.0
25001,MA,barnstable county,1.0,1.2222222222222223,2.6666666666666665,3.3333333333333335,4.444444444444445,0.0,0.0,0.0,0.0,0.0
25003,MA,berkshire county,1.0,1.05,1.15,1.3,1.85,0.0,0.0,0.0,0.0,0.0
25005,MA,bristol county,1.0,2.3333333333333335,4.0,4.166666666666667,5.166666666666667,0.0,0.0,0.0,0.0,0.0
25009,MA,essex county,1.0,1.4137931034482758,2.0689655172413794,2.5172413793103448,4.068965517241379,0.0,0.0,0.0,0.0,0.0
25013,MA,hampden county,1.0,3.0,4.0,5.0,8.0,0.0,0.0,0.0,0.0,0.0
25017,MA,middlesex county,1.0,1.2291666666666667,1.3819444444444444,1.6111111111111112,2.111111111111111,0.0,1.0,1.0,1.0,1.0
25021,MA,norfolk county,1.0,1.078125,1.171875,1.28125,2.015625,0.0,0.0,0.0,0.0,0.0
25023,MA,plymouth county,1.0,1.8181818181818181,2.272727272727273,2.909090909090909,5.818181818181818,0.0,0.0,0.0,0.0,0.0
25025,MA,suffolk county,1.0,1.255813953488372,1.4651162790697674,1.7906976744186047,2.7209302325581395,1.0,1.0,1.0,1.0,1.0
25027,MA,worcester county,1.0,1.263157894736842,1.9473684210526316,2.210526315789474,3.8421052631578947,0.0,0.0,0.0,0.0,0.0
26000,MI,michigan,1.0,2.0,2.5742574257425743,3.2797029702970297,4.423267326732673,2.0,8.0,10.0,19.0,24.0
26049,MI,genesee county,1.0,1.75,3.5,5.75,8.5,0.0,0.0,0.0,0.0,0.0
26081,MI,kent county,1.0,1.75,1.8333333333333333,2.3333333333333335,2.5833333333333335,0.0,1.0,1.0,1.0,1.0
26099,MI,macomb county,1.0,1.4069767441860466,1.627906976744186,2.0348837209302326,2.616279069767442,0.0,1.0,1.0,2.0,3.0
26125,MI,oakland county,1.0,1.2445652173913044,1.5054347826086956,1.7880434782608696,2.3260869565217392,1.0,2.0,2.0,4.0,4.0
26161,MI,washtenaw county,1.0,1.8125,2.1875,2.625,3.125,0.0,0.0,1.0,3.0,3.0
26163,MI,wayne county,1.0,5.208955223880597,7.119402985074627,9.522388059701493,13.074626865671641,1.0,4.0,5.0,9.0,13.0
27000,MN,minnesota,1.0,1.0434782608695652,1.4695652173913043,2.026086956521739,2.2695652173913046,0.0,1.0,1.0,1.0,1.0
27037,MN,dakota county,1.0,1.0,1.5714285714285714,2.5714285714285716,3.0,0.0,0.0,0.0,0.0,0.0
27053,MN,hennepin county,1.0,1.0,1.2666666666666666,1.9777777777777779,2.2888888888888888,0.0,0.0,0.0,0.0,0.0
27123,MN,ramsey county,1.0,1.0,1.0588235294117647,1.411764705882353,1.5294117647058822,0.0,1.0,1.0,1.0,1.0
28000,MS,mississippi,1.0,1.163265306122449,2.1122448979591835,3.2653061224489797,3.8469387755102042,1.0,1.0,1.0,1.0,2.0
28033,MS,desoto county,1.0,1.0,1.3846153846153846,2.230769230769231,2.769230769230769,0.0,0.0,0.0,0.0,0.0
28047,MS,harrison county,1.0,1.0,1.875,3.0,3.125,0.0,0.0,0.0,0.0,0.0
28049,MS,hinds county,1.0,1.0,2.857142857142857,4.428571428571429,5.428571428571429,0.0,0.0,0.0,0.0,0.0
28121,MS,rankin county,1.0,2.3333333333333335,2.3333333333333335,4.333333333333333,6.666666666666667,0.0,0.0,0.0,0.0,0.0
29000,MO,missouri,1.0,1.44,2.42,3.44,4.24,3.0,3.0,3.0,4.0,7.0
29019,MO,boone county,1.0,1.875,2.125,2.125,2.5,1.0,1.0,1.0,1.0,1.0
29189,MO,st. louis county,1.0,2.2,5.5,9.0,10.0,1.0,1.0,1.0,1.0,1.0
29510,MO,st. louis city,1.0,1.4,2.8,4.4,7.4,0.0,0.0,0.0,1.0,1.0
30000,MT,montana,1.0,1.25,1.65,2.25,2.55,0.0,0.0,0.0,0.0,0.0
31000,NE,nebraska,1.0,1.3421052631578947,1.3421052631578947,1.6842105263157894,1.868421052631579,0.0,0.0,0.0,0.0,0.0
31055,NE,douglas county,1.0,1.36,1.36,1.56,1.72,0.0,0.0,0.0,0.0,0.0
32000,NV,nevada,1.0,1.0202702702702702,1.0202702702702702,1.7297297297297298,1.7972972972972974,2.0,2.0,2.0,4.0,6.0
32003,NV,clark county,1.0,1.0,1.0,1.6825396825396826,1.6904761904761905,2.0,2.0,2.0,4.0,6.0
32031,NV,washoe county,1.0,1.1363636363636365,1.1363636363636365,2.0,2.272727272727273,0.0,0.0,0.0,0.0,0.0
33000,NH,new hampshire,1.0,1.2708333333333333,1.625,2.1041666666666665,2.25,0.0,0.0,0.0,1.0,1.0
33009,NH,grafton county,1.0,1.3,1.5,2.0,2.1,0.0,0.0,0.0,0.0,0.0
33011,NH,hillsborough county,1.0,1.0,1.4545454545454546,1.7272727272727273,1.8181818181818181,0.0,0.0,0.0,1.0,1.0
33015,NH,rockingham county,1.0,1.3157894736842106,1.4736842105263157,2.0,2.210526315789474,0.0,0.0,0.0,0.0,0.0
34000,NJ,new jersey,1.0,1.487468671679198,2.1215538847117794,3.0388471177944862,3.7969924812030076,7.0,16.0,18.0,18.0,18.0
34003,NJ,bergen county,1.0,1.4578313253012047,1.8353413654618473,2.4457831325301207,2.8152610441767068,3.0,6.0,6.0,6.0,6.0
34005,NJ,burlington county,1.0,1.2352941176470589,1.5294117647058822,2.1176470588235294,2.4705882352941178,0.0,0.0,0.0,0.0,0.0
34007,NJ,camden county,1.0,1.3636363636363635,2.0,3.0,4.636363636363637,0.0,0.0,1.0,1.0,1.0
34013,NJ,essex county,1.0,1.4657534246575343,2.356164383561644,3.73972602739726,4.684931506849315,2.0,4.0,4.0,4.0,4.0
34017,NJ,hudson county,1.0,1.4696969696969697,1.9090909090909092,2.878787878787879,3.5454545454545454,1.0,1.0,1.0,1.0,1.0
34019,NJ,hunterdon county,1.0,1.2727272727272727,1.4545454545454546,1.6363636363636365,2.272727272727273,0.0,0.0,0.0,0.0,0.0
34021,NJ,mercer county,1.0,1.3636363636363635,1.8181818181818181,2.272727272727273,2.6363636363636362,0.0,0.0,0.0,0.0,0.0
34023,NJ,middlesex county,1.0,1.5263157894736843,1.9342105263157894,2.763157894736842,3.6447368421052633,0.0,0.0,0.0,0.0,0.0
34025,NJ,monmouth county,1.0,1.7358490566037736,2.981132075471698,4.490566037735849,5.433962264150943,1.0,3.0,3.0,3.0,3.0
34027,NJ,morris county,1.0,1.8285714285714285,3.4,5.057142857142857,5.828571428571428,0.0,1.0,1.0,1.0,1.0
34029,NJ,ocean county,1.0,1.2653061224489797,2.0816326530612246,2.938775510204082,3.673469387755102,0.0,1.0,1.0,1.0,1.0
34031,NJ,passaic county,1.0,1.3673469387755102,1.9387755102040816,2.877551020408163,4.408163265306122,0.0,0.0,0.0,0.0,0.0
34035,NJ,somerset county,1.0,1.2142857142857142,1.8214285714285714,2.392857142857143,3.642857142857143,0.0,0.0,1.0,1.0,1.0
34039,NJ,union county,1.0,1.8837209302325582,2.883720930232558,4.395348837209302,5.72093023255814,0.0,0.0,0.0,0.0,0.0
35000,NM,new mexico,1.0,1.302325581395349,1.441860465116279,1.7209302325581395,2.0232558139534884,0.0,0.0,0.0,0.0,0.0
35001,NM,bernalillo county,1.0,1.391304347826087,1.4782608695652173,1.6521739130434783,1.8695652173913044,0.0,0.0,0.0,0.0,0.0
36000,NY,new york,1.0,1.0086362888632998,1.3894555025497615,2.1065964796841588,2.1709985194933377,55.0,59.0,118.0,160.0,232.0
36001,NY,albany county,1.0,1.0,1.7571428571428571,2.085714285714286,2.085714285714286,0.0,0.0,0.0,0.0,0.0
36027,NY,dutchess county,1.0,1.0,2.2777777777777777,3.4444444444444446,3.4444444444444446,0.0,0.0,1.0,1.0,1.0
36029,NY,erie county,1.0,1.1914893617021276,1.1914893617021276,2.276595744680851,2.574468085106383,0.0,0.0,0.0,0.0,0.0
36055,NY,monroe county,1.0,1.0,1.4782608695652173,2.108695652173913,2.5434782608695654,1.0,1.0,1.0,3.0,3.0
36059,NY,nassau county,1.0,1.0,1.539708265802269,2.324959481361426,2.324959481361426,4.0,4.0,4.0,9.0,9.0
36061,NY,new york county,1.0,1.0,1.7330542585734987,2.399613588794075,2.5111898245049105,43.0,43.0,98.0,125.0,192.0
36067,NY,onondaga county,1.0,2.6153846153846154,3.4615384615384617,4.076923076923077,4.615384615384615,0.0,0.0,0.0,0.0,1.0
36071,NY,orange county,1.0,1.0,2.9404761904761907,5.928571428571429,5.928571428571429,0.0,0.0,0.0,0.0,0.0
36079,NY,putnam county,1.0,2.5833333333333335,2.5833333333333335,3.75,6.833333333333333,0.0,0.0,0.0,0.0,0.0
36083,NY,rensselaer county,1.0,1.3333333333333333,1.3333333333333333,1.9333333333333333,2.2,0.0,0.0,0.0,0.0,0.0
36087,NY,rockland county,1.0,1.0,0.20477047704770476,0.30198019801980197,0.30198019801980197,0.0,1.0,1.0,5.0,5.0
36091,NY,saratoga county,1.0,1.4583333333333333,1.4583333333333333,2.2083333333333335,2.2083333333333335,0.0,0.0,0.0,0.0,0.0
36093,NY,schenectady county,1.0,1.5238095238095237,1.5238095238095237,2.0952380952380953,2.0952380952380953,0.0,0.0,0.0,0.0,0.0
36103,NY,suffolk county,1.0,1.0,1.5619335347432024,2.8398791540785497,2.8398791540785497,7.0,9.0,12.0,13.0,17.0
36105,NY,sullivan county,1.0,1.5,1.5,2.875,2.875,0.0,0.0,0.0,0.0,0.0
36111,NY,ulster county,1.0,1.5,1.5,2.9166666666666665,2.9166666666666665,0.0,0.0,0.0,0.0,0.0
36119,NY,westchester county,1.0,1.0,1.3523465703971118,2.8093862815884476,2.8093862815884476,0.0,0.0,0.0,1.0,1.0
37000,NC,north carolina,1.0,1.1673640167364017,1.301255230125523,1.9163179916317992,2.213389121338912,0.0,0.0,0.0,0.0,1.0
37063,NC,durham county,1.0,1.0256410256410255,1.0512820512820513,1.8205128205128205,1.8974358974358974,0.0,0.0,0.0,0.0,0.0
37081,NC,guilford county,1.0,1.0,1.5714285714285714,2.2857142857142856,3.142857142857143,0.0,0.0,0.0,0.0,0.0
37119,NC,mecklenburg county,1.0,1.0,1.0389610389610389,1.6493506493506493,1.844155844155844,0.0,0.0,0.0,0.0,0.0
37183,NC,wake county,1.0,1.53125,1.625,2.0625,2.28125,0.0,0.0,0.0,0.0,0.0
38000,ND,north dakota,1.0,1.0769230769230769,1.1538461538461537,1.3076923076923077,1.5,0.0,0.0,0.0,0.0,0.0
39000,OH,ohio,1.0,1.0635838150289016,2.069364161849711,2.560693641618497,3.277456647398844,3.0,4.0,4.0,7.0,8.0
39035,OH,cuyahoga county,1.0,1.0,1.8115942028985508,2.1594202898550723,2.420289855072464,0.0,1.0,1.0,1.0,2.0
39049,OH,franklin county,1.0,1.0,2.4285714285714284,3.142857142857143,5.357142857142857,0.0,0.0,0.0,2.0,2.0
39061,OH,hamilton county,1.0,1.0,2.7142857142857144,3.7142857142857144,5.428571428571429,0.0,0.0,0.0,0.0,0.0
39093,OH,lorain county,1.0,1.0,1.9,2.4,3.0,0.0,0.0,0.0,0.0,0.0
39099,OH,mahoning county,1.0,1.0,2.5714285714285716,3.2857142857142856,4.0,0.0,0.0,0.0,0.0,0.0
39153,OH,summit county,1.0,1.5,2.3,2.8,3.6,0.0,0.0,0.0,0.0,0.0
40000,OK,oklahoma,1.0,1.0204081632653061,1.3877551020408163,1.653061224489796,2.2244897959183674,1.0,1.0,2.0,2.0,3.0
40027,OK,cleveland county,1.0,1.0,1.1818181818181819,1.4545454545454546,2.0,0.0,0.0,0.0,0.0,1.0
40109,OK,oklahoma county,1.0,1.0,1.368421052631579,1.5263157894736843,2.1578947368421053,0.0,0.0,0.0,0.0,0.0
41000,OR,oregon,1.0,1.2017543859649122,1.412280701754386,1.6929824561403508,1.8771929824561404,4.0,4.0,5.0,5.0,8.0
41043,OR,linn county,1.0,1.0555555555555556,1.0555555555555556,1.1666666666666667,1.1666666666666667,0.0,0.0,1.0,1.0,1.0
41047,OR,marion county,1.0,1.1176470588235294,1.2941176470588236,1.7647058823529411,1.8823529411764706,1.0,1.0,1.0,1.0,1.0
41051,OR,multnomah county,1.0,1.5,1.5833333333333333,1.75,2.0833333333333335,1.0,1.0,1.0,1.0,2.0
41067,OR,washington county,1.0,1.3548387096774193,1.7741935483870968,2.225806451612903,2.4516129032258065,1.0,1.0,1.0,1.0,2.0
42000,PA,pennsylvania,1.0,1.0414012738853504,1.6687898089171975,2.531847133757962,3.299363057324841,2.0,2.0,5.0,8.0,10.0
42003,PA,allegheny county,1.0,1.0,1.5483870967741935,1.8709677419354838,1.8709677419354838,1.0,1.0,1.0,2.0,2.0
42017,PA,bucks county,1.0,1.4166666666666667,1.7083333333333333,2.7083333333333335,2.875,0.0,0.0,0.0,0.0,0.0
42029,PA,chester county,1.0,1.0,1.3529411764705883,2.3529411764705883,2.3529411764705883,0.0,0.0,0.0,0.0,0.0
42045,PA,delaware county,1.0,1.0,1.8695652173913044,3.652173913043478,3.652173913043478,0.0,0.0,0.0,0.0,2.0
42077,PA,lehigh county,1.0,1.0,9.5,13.5,13.5,0.0,0.0,1.0,1.0,1.0
42079,PA,luzerne county,1.0,1.0,3.5,10.5,10.5,0.0,0.0,0.0,0.0,0.0
42089,PA,monroe county,1.0,1.0,1.631578947368421,2.3684210526315788,2.3684210526315788,0.0,0.0,1.0,1.0,1.0
42091,PA,montgomery county,1.0,1.0,1.6176470588235294,2.1176470588235294,2.338235294117647,0.0,0.0,1.0,1.0,1.0
42095,PA,northampton county,1.0,1.0,2.1,3.3,3.3,1.0,1.0,1.0,2.0,2.0
42101,PA,philadelphia county,1.0,1.0,1.4328358208955223,2.6417910447761193,5.104477611940299,0.0,0.0,0.0,0.0,0.0
44000,RI,rhode island,1.0,1.0740740740740742,1.3888888888888888,1.8703703703703705,1.8703703703703705,0.0,0.0,0.0,0.0,0.0
44001,RI,bristol county,1.0,1.0,3.5,6.0,6.0,0.0,0.0,0.0,0.0,0.0
44007,RI,providence county,1.0,1.0,1.2333333333333334,1.7333333333333334,1.7333333333333334,0.0,0.0,0.0,0.0,0.0
45000,SC,south carolina,1.0,1.380952380952381,1.5634920634920635,2.365079365079365,2.7142857142857144,3.0,3.0,4.0,5.0,7.0
45013,SC,beaufort county,1.0,1.625,1.75,2.625,2.75,0.0,0.0,0.0,0.0,0.0
45019,SC,charleston county,1.0,1.5,2.3333333333333335,5.166666666666667,6.0,0.0,0.0,1.0,1.0,1.0
45045,SC,greenville county,1.0,1.4166666666666667,1.5833333333333333,2.5833333333333335,3.25,0.0,0.0,0.0,0.0,0.0
45055,SC,kershaw county,1.0,1.1944444444444444,1.2222222222222223,1.5,1.6111111111111112,0.0,0.0,0.0,1.0,1.0
45079,SC,richland county,1.0,1.2272727272727273,1.3181818181818181,1.9545454545454546,2.0454545454545454,0.0,0.0,0.0,0.0,0.0
46000,SD,south dakota,1.0,1.0,2.0,2.0,2.142857142857143,1.0,1.0,1.0,1.0,1.0
47000,TN,tennessee,1.0,1.1692307692307693,1.5038461538461538,2.15,2.6153846153846154,1.0,1.0,2.0,2.0,2.0
47037,TN,davidson county,1.0,1.0526315789473684,1.255639097744361,1.9022556390977443,1.9022556390977443,1.0,1.0,2.0,2.0,2.0
47157,TN,shelby county,1.0,1.0,1.5714285714285714,2.2142857142857144,4.0476190476190474,0.0,0.0,0.0,0.0,0.0
47165,TN,sumner county,1.0,1.0,2.0,3.090909090909091,3.090909090909091,0.0,0.0,0.0,0.0,0.0
47187,TN,williamson county,1.0,1.3428571428571427,1.3714285714285714,1.5142857142857142,1.8285714285714285,0.0,0.0,0.0,0.0,0.0
48000,TX,texas,1.0,1.3882978723404256,1.8111702127659575,2.154255319148936,2.742021276595745,4.0,5.0,8.0,9.0,13.0
48029,TX,bexar county,1.0,1.0,1.5862068965517242,1.9655172413793103,2.3793103448275863,0.0,0.0,1.0,1.0,2.0
48039,TX,brazoria county,1.0,1.4,1.6,1.6,2.8,0.0,0.0,0.0,0.0,0.0
48085,TX,collin county,1.0,1.1481481481481481,1.4074074074074074,1.6666666666666667,1.962962962962963,1.0,1.0,1.0,1.0,1.0
48113,TX,dallas county,1.0,1.0,1.7702702702702702,2.0945945945945947,2.2837837837837838,1.0,1.0,3.0,4.0,5.0
48121,TX,denton county,1.0,1.3333333333333333,1.6666666666666667,2.0,2.8333333333333335,0.0,0.0,0.0,0.0,0.0
48157,TX,fort bend county,1.0,1.2083333333333333,1.2083333333333333,1.75,1.9166666666666667,0.0,0.0,0.0,0.0,0.0
48167,TX,galveston county,1.0,1.0,2.8333333333333335,3.0,3.6666666666666665,0.0,0.0,0.0,0.0,0.0
48309,TX,mclennan county,1.0,1.2307692307692308,1.2307692307692308,1.5384615384615385,1.8461538461538463,0.0,0.0,0.0,0.0,0.0
48339,TX,montgomery county,1.0,1.3,1.5,1.9,2.3,0.0,0.0,0.0,0.0,0.0
48439,TX,tarrant county,1.0,1.4482758620689655,1.6206896551724137,1.9655172413793103,2.4482758620689653,1.0,1.0,1.0,1.0,1.0
48453,TX,travis county,1.0,1.0689655172413792,1.3620689655172413,1.4827586206896552,1.6896551724137931,0.0,0.0,0.0,0.0,0.0
49000,UT,utah,1.0,1.2421052631578948,1.7789473684210526,2.568421052631579,3.0,0.0,0.0,1.0,1.0,1.0
49011,UT,davis county,1.0,1.1666666666666667,1.5833333333333333,2.4166666666666665,2.5833333333333335,0.0,0.0,1.0,1.0,1.0
49035,UT,salt lake county,1.0,1.2954545454545454,1.8181818181818181,2.477272727272727,2.8181818181818183,0.0,0.0,0.0,0.0,0.0
49043,UT,summit county,1.0,1.1428571428571428,1.5357142857142858,2.3214285714285716,2.9285714285714284,0.0,0.0,0.0,0.0,0.0
50000,VT,vermont,1.0,2.7222222222222223,2.888888888888889,4.166666666666667,5.277777777777778,2.0,2.0,2.0,5.0,5.0
50007,VT,chittenden county,1.0,2.4444444444444446,2.4444444444444446,3.5555555555555554,4.444444444444445,1.0,1.0,1.0,4.0,4.0
51000,VA,virginia,1.0,1.03,1.75,2.04,2.4,2.0,3.0,4.0,4.0,6.0
51013,VA,arlington county,1.0,1.0,1.5294117647058822,2.0,2.1176470588235294,0.0,0.0,0.0,0.0,0.0
51059,VA,fairfax county,1.0,1.0,1.9375,2.6875,2.875,0.0,1.0,1.0,1.0,1.0
51095,VA,james city county,1.0,1.0,1.6842105263157894,1.7894736842105263,1.9473684210526316,1.0,1.0,2.0,2.0,2.0
51153,VA,prince william county,1.0,1.0,1.5,1.5,1.9166666666666667,0.0,0.0,0.0,0.0,0.0
53000,WA,washington,1.0,1.1807747489239597,1.317790530846485,1.5129124820659972,1.7367288378766141,83.0,94.0,95.0,111.0,125.0
53025,WA,grant county,1.0,1.375,2.875,2.875,3.375,1.0,1.0,1.0,1.0,1.0
53029,WA,island county,1.0,1.0,1.105263157894737,1.3157894736842106,2.0,1.0,1.0,1.0,1.0,1.0
53033,WA,king county,1.0,1.1778058007566203,1.3114754098360655,1.4754098360655739,1.610340479192938,67.0,74.0,75.0,87.0,94.0
53035,WA,kitsap county,1.0,1.25,1.5,1.5,1.6666666666666667,0.0,0.0,0.0,0.0,0.0
53053,WA,pierce county,1.0,1.144578313253012,1.2891566265060241,1.5180722891566265,1.6626506024096386,1.0,1.0,1.0,1.0,1.0
53057,WA,skagit county,1.0,1.12,1.32,1.8,1.92,0.0,0.0,0.0,1.0,1.0
53061,WA,snohomish county,1.0,1.161038961038961,1.2467532467532467,1.348051948051948,1.594805194805195,8.0,10.0,10.0,11.0,16.0
53063,WA,spokane county,1.0,1.4545454545454546,1.8181818181818181,2.6363636363636362,3.0,0.0,0.0,0.0,0.0,0.0
53073,WA,whatcom county,1.0,1.4,1.4,4.8,6.4,1.0,2.0,2.0,2.0,2.0
53077,WA,yakima county,1.0,1.3,1.6,2.5,4.7,0.0,0.0,0.0,0.0,1.0
54000,WV,west virginia,1.0,1.5,2.0,2.75,4.875,0.0,0.0,0.0,0.0,0.0
55000,WI,wisconsin,1.0,1.1181818181818182,1.740909090909091,2.1136363636363638,2.2181818181818183,4.0,4.0,5.0,5.0,5.0
55025,WI,dane county,1.0,1.53125,1.90625,2.1875,2.25,0.0,0.0,0.0,0.0,0.0
55079,WI,milwaukee county,1.0,1.0,1.9157894736842105,2.557894736842105,2.557894736842105,2.0,2.0,3.0,3.0,3.0
55133,WI,waukesha county,1.0,1.0,2.0,2.066666666666667,2.066666666666667,0.0,0.0,0.0,0.0,0.0
56000,WY,wyoming,1.0,1.0909090909090908,1.1818181818181819,1.2727272727272727,1.8181818181818181,0.0,0.0,0.0,0.0,0.0
